time,bmi,sex,age,geo\isced97	TOTAL 	ED0-2 	ED3_4 	ED5_6 
2008,18P5-25,F,TOTAL,AT	54.1 	38.5 	59.8 	64.5 
2008,18P5-25,F,TOTAL,BE	54.5 	42 	55.7 	65.9 
2008,18P5-25,F,TOTAL,BG	50.7 	44.1 	51.3 	59.7 
2008,18P5-25,F,TOTAL,CY	52.8 	38 	57.9 	66.3 
2008,18P5-25,F,TOTAL,CZ	47.4 	40.7 	46.8 	62.2 
2008,18P5-25,F,TOTAL,DE	52.1 	44.3 	52.6 	62.5 
2008,18P5-25,F,TOTAL,EE	48 	37.2 	49.1 	62.7 
2008,18P5-25,F,TOTAL,EL	48 	33.2 	56.5 	64.5 
2008,18P5-25,F,TOTAL,ES	53.2 	41.4 	62.6 	68.8 
2008,18P5-25,F,TOTAL,FR	57.7 	46.6 	60.2 	70.9 
2008,18P5-25,F,TOTAL,HU	45.2 	36.3 	45.4 	57.8 
2008,18P5-25,F,TOTAL,LV	43.5 	34.4 	42 	54.5 
2008,18P5-25,F,TOTAL,MT	46 u	31.4 u	52.3 	55.1 
2008,18P5-25,F,TOTAL,PL	50.1 	36.8 	49.9 	64.7 
2008,18P5-25,F,TOTAL,RO	52.8 	50 	53.5 	59.5 
2008,18P5-25,F,TOTAL,SI	50.6 	30.2 	54.5 	71.0 
2008,18P5-25,F,TOTAL,SK	52.5 	35.1 	53.5 	62.1 
2008,18P5-25,F,TOTAL,TR	46.6 u	40.9 u	64.4 	61 
2008,18P5-25,F,Y18-24,AT	73.9 	63.6 	77.6 	73 
2008,18P5-25,F,Y18-24,BE	78.6 	69.7 	80.7 	80.1 
2008,18P5-25,F,Y18-24,BG	70.5 	72.7 	71.9 	: 
2008,18P5-25,F,Y18-24,CY	73.4 	61.2 u	75.1 	74 
2008,18P5-25,F,Y18-24,CZ	74.2 	76.1 u	71.4 	: 
2008,18P5-25,F,Y18-24,DE	74.9 	74.8 	74.4 	81 
2008,18P5-25,F,Y18-24,EE	73.2 	72.5 	74.9 	64.3 u
2008,18P5-25,F,Y18-24,EL	71.1 	71.6 u	71.2 	70.8 u
2008,18P5-25,F,Y18-24,ES	69.7 	63.6 	73.7 	72.7 
2008,18P5-25,F,Y18-24,FR	70.4 	61 	71 	75.7 
2008,18P5-25,F,Y18-24,HU	70.1 	76.6 	66.9 	74.1 u
2008,18P5-25,F,Y18-24,LV	79.9 	71.1 	80.9 	88.6 
2008,18P5-25,F,Y18-24,MT	63.1 	: 	64.6 	60 
2008,18P5-25,F,Y18-24,PL	74.5 	77 	73 	79.8 
2008,18P5-25,F,Y18-24,RO	77.3 	78 	76.7 	81 u
2008,18P5-25,F,Y18-24,SI	72.7 	59.6 u	76.4 	: 
2008,18P5-25,F,Y18-24,SK	75.9 	81.1 	75.1 	74 
2008,18P5-25,F,Y18-24,TR	74.3 	72.8 u	76 	79.7 
2008,18P5-25,F,Y25-34,AT	69 	48.4 	73.4 	72.1 
2008,18P5-25,F,Y25-34,BE	59.6 	44.7 	53.5 	67.2 
2008,18P5-25,F,Y25-34,BG	69.1 	59 	72.4 	71.2 
2008,18P5-25,F,Y25-34,CY	66.5 	58.4 	64 	70.4 
2008,18P5-25,F,Y25-34,CZ	66.2 	: 	65.8 	65.5 u
2008,18P5-25,F,Y25-34,DE	61.2 	61.9 	57.4 	70.2 
2008,18P5-25,F,Y25-34,EE	68.2 	54.7 	69 	74 
2008,18P5-25,F,Y25-34,EL	68 	55.7 	67.6 	74.2 
2008,18P5-25,F,Y25-34,ES	67.4 	59 	64.8 	74.8 
2008,18P5-25,F,Y25-34,FR	64.9 	51 	62.1 	71.1 
2008,18P5-25,F,Y25-34,HU	66 	49 u	64.9 	72.8 
2008,18P5-25,F,Y25-34,LV	64.5 	52.6 	58.9 	75.9 
2008,18P5-25,F,Y25-34,MT	54.9 	: 	51.5 	67.2 
2008,18P5-25,F,Y25-34,PL	70.9 	61.2 	66.5 	77.4 
2008,18P5-25,F,Y25-34,RO	67.3 	63.9 	66.3 	73.2 
2008,18P5-25,F,Y25-34,SI	73.7 	: 	71.6 	83.0 
2008,18P5-25,F,Y25-34,SK	71.3 	: 	71.6 	72.6 
2008,18P5-25,F,Y25-34,TR	59.8 	55.5 u	67.1 	69.2 
2008,18P5-25,F,Y35-44,AT	62.1 	44.1 	64.2 	70.4 
2008,18P5-25,F,Y35-44,BE	60.2 	51.2 	56.9 	65.2 
2008,18P5-25,F,Y35-44,BG	61.2 	50.3 	60.6 	67.8 
2008,18P5-25,F,Y35-44,CY	61.5 	55.8 	60.5 	67.2 
2008,18P5-25,F,Y35-44,CZ	60.2 	: 	60.3 	: 
2008,18P5-25,F,Y35-44,DE	60.9 	44.3 	61 	68.5 
2008,18P5-25,F,Y35-44,EE	59.4 	42.3 u	59.3 	66.7 
2008,18P5-25,F,Y35-44,EL	63.1 	56.4 	56.9 	78.7 
2008,18P5-25,F,Y35-44,ES	60.1 	50.8 	59.9 	69.7 
2008,18P5-25,F,Y35-44,FR	63.1 	50.5 	63 	70.6 
2008,18P5-25,F,Y35-44,HU	52.3 	50.6 	47.8 	60.4 
2008,18P5-25,F,Y35-44,LV	48.9 	49.1 u	46.2 	52.4 
2008,18P5-25,F,Y35-44,MT	56.1 u	: 	57.9 u	52.6 u
2008,18P5-25,F,Y35-44,PL	59.5 	50.3 	56.7 	69.3 
2008,18P5-25,F,Y35-44,RO	55.2 	53.6 	54.5 	62.1 
2008,18P5-25,F,Y35-44,SI	56.9 	36.8 u	51.3 	73.7 
2008,18P5-25,F,Y35-44,SK	64.3 	: 	62.7 	69.7 
2008,18P5-25,F,Y35-44,TR	37.5 	33.5 u	51.8 	54.3 
2008,18P5-25,F,Y45-54,AT	53.3 	36.9 	55.4 	68.5 
2008,18P5-25,F,Y45-54,BE	56.7 	39.6 	61.8 	69.2 
2008,18P5-25,F,Y45-54,BG	48.4 	34.9 	47.2 	61.5 
2008,18P5-25,F,Y45-54,CY	48.2 	41.4 	49.1 	56.9 
2008,18P5-25,F,Y45-54,CZ	34.1 	: 	32.9 	: 
2008,18P5-25,F,Y45-54,DE	52.9 	44 	52.2 	61.6 
2008,18P5-25,F,Y45-54,EE	43.6 	39.4 	42.5 	55.4 
2008,18P5-25,F,Y45-54,EL	41.1 	33.2 	48.9 	43.2 
2008,18P5-25,F,Y45-54,ES	53.9 	44.6 	59.5 	67.5 
2008,18P5-25,F,Y45-54,FR	58.9 	46.7 	62.3 	70.6 
2008,18P5-25,F,Y45-54,HU	41.4 	34.1 	40.4 	52.6 
2008,18P5-25,F,Y45-54,LV	37.5 	25.5 	36.5 	43.4 
2008,18P5-25,F,Y45-54,MT	38.5 u	24.1 u	45.5 u	41.7 u
2008,18P5-25,F,Y45-54,PL	44 	38.8 	42.1 	54.3 
2008,18P5-25,F,Y45-54,RO	38.5 	40.5 	37.9 	37.5 
2008,18P5-25,F,Y45-54,SI	46.4 	17.4 	51.9 	65.0 u
2008,18P5-25,F,Y45-54,SK	47.6 	23.5 u	50 	47.5 
2008,18P5-25,F,Y45-54,TR	25.9 u	22.6 u	42.8 	40.5 
2008,18P5-25,F,Y55-64,AT	37 	28 	41.2 	43.7 
2008,18P5-25,F,Y55-64,BE	44.2 	37.9 	45.6 	54.9 
2008,18P5-25,F,Y55-64,BG	34.4 	32.8 	30.6 	47.1 
2008,18P5-25,F,Y55-64,CY	35.5 	29.5 	39.3 	62 
2008,18P5-25,F,Y55-64,CZ	28 	20.1 u	27.4 	: 
2008,18P5-25,F,Y55-64,DE	42.3 	37.7 	41.5 	50.6 
2008,18P5-25,F,Y55-64,EE	27.5 	27.8 	24.2 	51.6 u
2008,18P5-25,F,Y55-64,EL	29.5 	23.8 	31.7 	52.3 
2008,18P5-25,F,Y55-64,ES	40.1 	32.4 	59.2 	52.6 
2008,18P5-25,F,Y55-64,FR	48.3 	43.2 	46.2 	65.8 
2008,18P5-25,F,Y55-64,HU	27.3 	31.5 	23.7 	30.5 
2008,18P5-25,F,Y55-64,LV	20.9 	24.6 	16.6 	30 
2008,18P5-25,F,Y55-64,MT	36.6 u	36.2 u	38.4 	31.6 u
2008,18P5-25,F,Y55-64,PL	31.3 	25.2 	32 	39.1 
2008,18P5-25,F,Y55-64,RO	36.7 	37.6 	34.3 	42.9 
2008,18P5-25,F,Y55-64,SI	30.9 	20.5 	30.6 	59.8 u
2008,18P5-25,F,Y55-64,SK	30 	19.2 u	27.9 	47.9 
2008,18P5-25,F,Y55-64,TR	24.6 u	22.3 u	40.7 u	46 u
2008,18P5-25,F,Y65-74,AT	35.4 	28.8 	41.7 	44 
2008,18P5-25,F,Y65-74,BE	39.8 	37.2 	39.9 	49.7 
2008,18P5-25,F,Y65-74,BG	31 	34.5 	25.3 	33.1 
2008,18P5-25,F,Y65-74,CY	28.8 	26.3 	38.2 	: 
2008,18P5-25,F,Y65-74,CZ	24.1 	30.9 u	21.6 	: 
2008,18P5-25,F,Y65-74,DE	37.7 	32.7 	39.4 	49.4 
2008,18P5-25,F,Y65-74,EE	27 	20.5 	28.7 	50.7 u
2008,18P5-25,F,Y65-74,EL	22.9 	22.5 	22.4 	28.2 u
2008,18P5-25,F,Y65-74,ES	29.7 	26.6 	48.9 	41.2 
2008,18P5-25,F,Y65-74,FR	46.7 	42.6 	48.5 	75.6 
2008,18P5-25,F,Y65-74,HU	26.3 	20.3 	26.6 	48.6 u
2008,18P5-25,F,Y65-74,LV	21.2 	17.1 	21.4 	32.9 
2008,18P5-25,F,Y65-74,MT	31.9 u	27.4 u	50 u	: 
2008,18P5-25,F,Y65-74,PL	28.4 	24.8 	30.2 	37.9 
2008,18P5-25,F,Y65-74,RO	41.1 	39.9 	45.5 	34.4 u
2008,18P5-25,F,Y65-74,SI	29.0 	20.5 	34.4 u	: 
2008,18P5-25,F,Y65-74,SK	23.8 	21.3 	25.6 	22.5 u
2008,18P5-25,F,Y65-74,TR	24.3 u	23.7 u	: 	: 
2008,18P5-25,F,Y75-84,AT	37.7 	35.3 	40.5 	45.9 u
2008,18P5-25,F,Y75-84,BE	41.9 	38.6 	42.8 	57 u
2008,18P5-25,F,Y75-84,BG	38.9 	41.6 	34.7 	: 
2008,18P5-25,F,Y75-84,CY	40.3 	38.8 	58.1 u	: 
2008,18P5-25,F,Y75-84,CZ	30.6 	29.3 u	27.2 	: 
2008,18P5-25,F,Y75-84,DE	36.9 	: c	40.3 	50.6 
2008,18P5-25,F,Y75-84,EE	35 	33.6 	36.5 	: 
2008,18P5-25,F,Y75-84,EL	33.3 	31.8 	47.2 u	28.9 u
2008,18P5-25,F,Y75-84,ES	31.7 u	30.4 u	49.7 	34.6 u
2008,18P5-25,F,Y75-84,FR	46.6 	44.8 	50.7 	65.6 
2008,18P5-25,F,Y75-84,HU	34 	30.6 	42.8 	: 
2008,18P5-25,F,Y75-84,LV	28.9 	25.3 	30.1 	39.9 u
2008,18P5-25,F,Y75-84,MT	37.7 u	32.3 u	64.3 u	: 
2008,18P5-25,F,Y75-84,PL	33.5 	32.6 	32.4 	48.8 
2008,18P5-25,F,Y75-84,RO	57.1 	58.4 	50 	58.1 u
2008,18P5-25,F,Y75-84,SI	34.8 	38.8 	: 	: 
2008,18P5-25,F,Y75-84,SK	27.3 	24.1 	32 	: 
2008,18P5-25,F,Y75-84,TR	46 u	46.2 u	: 	: 
2008,18P5-25,F,Y_GE85,AT	57.3 	55.1 	63.6 u	: 
2008,18P5-25,F,Y_GE85,BE	54.2 	53.7 	56.6 	54.3 
2008,18P5-25,F,Y_GE85,BG	76.2 u	72.8 u	: 	: 
2008,18P5-25,F,Y_GE85,CY	43 u	44.5 u	: 	: 
2008,18P5-25,F,Y_GE85,CZ	26.5 u	: 	: 	: 
2008,18P5-25,F,Y_GE85,DE	53.4 	: c	: c	: c
2008,18P5-25,F,Y_GE85,EL	45.8 	45 	: 	: 
2008,18P5-25,F,Y_GE85,ES	41.7 u	39.3 u	: 	: 
2008,18P5-25,F,Y_GE85,FR	55.5 	52.8 	63.2 	83.1 u
2008,18P5-25,F,Y_GE85,HU	55.3 	55.4 u	: 	: 
2008,18P5-25,F,Y_GE85,LV	44.3 	42.7 u	: 	: 
2008,18P5-25,F,Y_GE85,PL	44 	39.9 	61.3 	: 
2008,18P5-25,F,Y_GE85,RO	67.8 u	68.1 u	: 	: 
2008,18P5-25,F,Y_GE85,SK	41.9 u	55.8 u	: 	: 
2008,18P5-25,F,Y_GE85,TR	48.5 u	45 u	: 	: 
2008,18P5-25,M,TOTAL,AT	42.8 	37.5 	44.3 	43 
2008,18P5-25,M,TOTAL,BE	44.5 	40.2 	44.4 	48.9 
2008,18P5-25,M,TOTAL,BG	41.1 	44.4 	40.9 	35.9 
2008,18P5-25,M,TOTAL,CY	38.3 	34.2 	41.8 	37.9 
2008,18P5-25,M,TOTAL,CZ	33.9 	49.9 	31.3 	39.7 
2008,18P5-25,M,TOTAL,DE	39.1 	43.9 	37.2 	40.2 
2008,18P5-25,M,TOTAL,EE	44 	47.2 	42.9 	42.1 
2008,18P5-25,M,TOTAL,EL	35.4 	31.9 	39.1 	35.6 
2008,18P5-25,M,TOTAL,ES	36.8 	33.1 	40.1 	41.4 
2008,18P5-25,M,TOTAL,FR	47.8 	40.7 	47.8 	56.9 
2008,18P5-25,M,TOTAL,HU	37.7 	40.5 	36.3 	39.9 
2008,18P5-25,M,TOTAL,LV	42.9 	45.2 	43.4 	37.2 
2008,18P5-25,M,TOTAL,MT	29.3 	21.3 u	31.9 	33.3 
2008,18P5-25,M,TOTAL,PL	35.8 	41.3 	34 	37.2 
2008,18P5-25,M,TOTAL,RO	41.9 	46.7 	40.5 	38.8 
2008,18P5-25,M,TOTAL,SI	32.9 	34.0 	31.2 	39.2 
2008,18P5-25,M,TOTAL,SK	40.4 	47.3 	38.6 	44.3 
2008,18P5-25,M,TOTAL,TR	46.2 	44.1 	53.6 	42.6 
2008,18P5-25,M,Y18-24,AT	73.9 	71.6 	74.4 	75.9 
2008,18P5-25,M,Y18-24,BE	73.6 	72 	68.9 	80.4 
2008,18P5-25,M,Y18-24,BG	71.4 	79.9 	69.2 	: 
2008,18P5-25,M,Y18-24,CY	66.7 	48.8 	72 	61 u
2008,18P5-25,M,Y18-24,CZ	60.7 	79.9 u	57.2 	: 
2008,18P5-25,M,Y18-24,DE	71.3 	72.8 	70 	: c
2008,18P5-25,M,Y18-24,EE	70.3 	76.2 	67.2 	67.9 u
2008,18P5-25,M,Y18-24,EL	72.7 	76 u	72.9 	: 
2008,18P5-25,M,Y18-24,ES	68.5 	69.2 	67.8 	67.6 
2008,18P5-25,M,Y18-24,FR	76.7 	78.7 	77 	73.2 
2008,18P5-25,M,Y18-24,HU	67.3 	64.6 	67.8 	: 
2008,18P5-25,M,Y18-24,LV	73.4 	79.4 	70.4 	69.7 u
2008,18P5-25,M,Y18-24,MT	54.2 	: 	54.4 	54.1 u
2008,18P5-25,M,Y18-24,PL	67 	75.1 	64.4 	62.5 
2008,18P5-25,M,Y18-24,RO	71.4 	79.6 	69.3 	: 
2008,18P5-25,M,Y18-24,SI	62.1 	75.7 u	57.0 	: 
2008,18P5-25,M,Y18-24,SK	70.9 	73.2 	69.7 	75.4 u
2008,18P5-25,M,Y18-24,TR	74.3 	73.5 	77 	59.7 
2008,18P5-25,M,Y25-34,AT	57.6 	46.4 	56.4 	64.4 
2008,18P5-25,M,Y25-34,BE	57.7 	58.2 	55.6 	60.4 
2008,18P5-25,M,Y25-34,BG	46.3 	41.4 	47.6 	47.7 
2008,18P5-25,M,Y25-34,CY	49.7 	46.8 	50.4 	50.3 
2008,18P5-25,M,Y25-34,CZ	43.7 	: 	44 	40.8 u
2008,18P5-25,M,Y25-34,DE	52.5 	: c	51.3 	59.6 
2008,18P5-25,M,Y25-34,EE	50 	45.1 	51.7 	48.9 u
2008,18P5-25,M,Y25-34,EL	47.9 	56.2 	38 	58.9 
2008,18P5-25,M,Y25-34,ES	46.8 	46.6 	45 	48.5 
2008,18P5-25,M,Y25-34,FR	61.8 	67.2 	56.1 	66 
2008,18P5-25,M,Y25-34,HU	48.9 	45.6 	45.1 	62.2 
2008,18P5-25,M,Y25-34,LV	49.6 	46.5 	51.1 	49.6 
2008,18P5-25,M,Y25-34,MT	34.5 	: 	30.2 	44.1 
2008,18P5-25,M,Y25-34,PL	41.3 	46.3 	39.2 	44.2 
2008,18P5-25,M,Y25-34,RO	49.5 	49.5 	49.7 	48.7 
2008,18P5-25,M,Y25-34,SI	43.1 	: 	39.1 	64.1 u
2008,18P5-25,M,Y25-34,SK	51.6 	: 	48.7 	59.7 
2008,18P5-25,M,Y25-34,TR	55.3 	56.1 	52.3 	57.7 
2008,18P5-25,M,Y35-44,AT	42.2 	34.6 	43.1 	43 
2008,18P5-25,M,Y35-44,BE	44.9 	37.2 	39.7 	55.1 
2008,18P5-25,M,Y35-44,BG	35.6 	42.8 	32.1 	41.9 
2008,18P5-25,M,Y35-44,CY	35 	37.4 	34.3 	34.4 
2008,18P5-25,M,Y35-44,CZ	32.2 	: 	29.9 	: 
2008,18P5-25,M,Y35-44,DE	35.8 	: c	32.1 	43.7 
2008,18P5-25,M,Y35-44,EE	35.5 	34.2 	35.5 	37.8 u
2008,18P5-25,M,Y35-44,EL	30.3 	23.1 	34.1 	31.5 
2008,18P5-25,M,Y35-44,ES	35.5 	31.8 	37.4 	39.2 
2008,18P5-25,M,Y35-44,FR	49.3 	43.5 	46.8 	57.7 
2008,18P5-25,M,Y35-44,HU	33.8 	42.5 	33.3 	29.2 
2008,18P5-25,M,Y35-44,LV	37.2 	40.3 	36.7 	35.9 
2008,18P5-25,M,Y35-44,MT	25.7 	18.8 u	26 	27.9 u
2008,18P5-25,M,Y35-44,PL	30.4 	31.8 	29.3 	34.1 
2008,18P5-25,M,Y35-44,RO	37.5 	46.1 	35.9 	39 
2008,18P5-25,M,Y35-44,SI	29.0 	34.2 u	25.4 	38.0 u
2008,18P5-25,M,Y35-44,SK	32.9 	: 	32.1 	34.5 
2008,18P5-25,M,Y35-44,TR	34.7 	37.5 	32.5 	24.4 
2008,18P5-25,M,Y45-54,AT	31.6 	30.6 	29.6 	35.6 
2008,18P5-25,M,Y45-54,BE	38.7 	39 	36.7 	39.9 
2008,18P5-25,M,Y45-54,BG	31.2 	42.8 	29.6 	24.5 
2008,18P5-25,M,Y45-54,CY	30.6 	34.3 	31.1 	25.7 
2008,18P5-25,M,Y45-54,CZ	26.7 	: 	20.5 	: 
2008,18P5-25,M,Y45-54,DE	33.5 	: c	32.4 	37.8 
2008,18P5-25,M,Y45-54,EE	34.8 	43.9 	33.9 	23.8 u
2008,18P5-25,M,Y45-54,EL	28.4 	32.1 	29 	24.9 
2008,18P5-25,M,Y45-54,ES	28.4 	25.4 	27.2 	34.7 
2008,18P5-25,M,Y45-54,FR	37.9 	32.7 	38.8 	42.5 
2008,18P5-25,M,Y45-54,HU	25.6 	34.5 	24.7 	22.8 
2008,18P5-25,M,Y45-54,LV	33.9 	35.1 	34.5 	32.1 
2008,18P5-25,M,Y45-54,MT	24.9 	22.5 u	25.2 	28.6 u
2008,18P5-25,M,Y45-54,PL	26.4 	36.3 	25.6 	22.8 
2008,18P5-25,M,Y45-54,RO	30.7 	37.6 	30.1 	25.3 
2008,18P5-25,M,Y45-54,SI	20.5 	27.1 u	17.2 	25.1 u
2008,18P5-25,M,Y45-54,SK	29.3 	: 	28.8 	30.9 
2008,18P5-25,M,Y45-54,TR	31.3 	31.6 	29.5 	32.1 
2008,18P5-25,M,Y55-64,AT	29.5 	27.2 	27.4 	34.1 
2008,18P5-25,M,Y55-64,BE	29.4 	25.6 	29.1 	33.5 
2008,18P5-25,M,Y55-64,BG	30.8 	33.9 	30.2 	27.7 
2008,18P5-25,M,Y55-64,CY	23.4 	23.3 	20.8 	28 
2008,18P5-25,M,Y55-64,CZ	18.3 	: 	16 	25.8 u
2008,18P5-25,M,Y55-64,DE	26.4 	: c	24.8 	32.3 
2008,18P5-25,M,Y55-64,EE	35.2 	33.5 	36.3 	31.1 u
2008,18P5-25,M,Y55-64,EL	20 	24.3 	13.9 	18.1 
2008,18P5-25,M,Y55-64,ES	23.9 	21.4 	21.8 	32.1 
2008,18P5-25,M,Y55-64,FR	35.4 	31.1 	33.2 	48.7 
2008,18P5-25,M,Y55-64,HU	29.7 	31.7 	28.2 	33.9 
2008,18P5-25,M,Y55-64,LV	32.8 	35.9 	33.8 	24.1 
2008,18P5-25,M,Y55-64,MT	17.8 	15.8 u	21.2 	14.3 u
2008,18P5-25,M,Y55-64,PL	26.3 	30.9 	24.9 	26.2 
2008,18P5-25,M,Y55-64,RO	31.3 	38.7 	29 	25.5 
2008,18P5-25,M,Y55-64,SI	26.9 	18.6 u	30.4 	23.5 u
2008,18P5-25,M,Y55-64,SK	23.1 	36.7 u	22.2 	21.3 
2008,18P5-25,M,Y55-64,TR	33.5 	33.8 	34 	30.5 
2008,18P5-25,M,Y65-74,AT	27 	23 	27.2 	30.9 
2008,18P5-25,M,Y65-74,BE	36.8 	38.7 	38.9 	26.9 
2008,18P5-25,M,Y65-74,BG	36 	32.1 	42 	34.3 
2008,18P5-25,M,Y65-74,CY	28.1 	29.3 	27.3 	25.2 u
2008,18P5-25,M,Y65-74,CZ	20.4 	: 	15.4 	: 
2008,18P5-25,M,Y65-74,DE	29.4 	: c	27.3 	31 
2008,18P5-25,M,Y65-74,EE	36.8 	38.3 	34.6 	46.2 u
2008,18P5-25,M,Y65-74,EL	21.2 	19.4 	21.4 u	27 
2008,18P5-25,M,Y65-74,ES	24.1 	20.2 	32.1 	35.8 
2008,18P5-25,M,Y65-74,FR	32.9 	31.1 	31.4 	42.2 
2008,18P5-25,M,Y65-74,HU	25.9 	25.9 	25.6 	26.5 u
2008,18P5-25,M,Y65-74,LV	28.2 	28.2 	28.1 	28.1 u
2008,18P5-25,M,Y65-74,MT	20.7 u	17.1 u	29.3 u	16.7 u
2008,18P5-25,M,Y65-74,PL	24.8 	25.7 	23.3 	28.6 
2008,18P5-25,M,Y65-74,RO	34.7 	38.9 	30.2 	32.7 
2008,18P5-25,M,Y65-74,SI	23.2 	32.3 u	19.0 	: 
2008,18P5-25,M,Y65-74,SK	28.4 	26 u	25.9 	39.4 u
2008,18P5-25,M,Y65-74,TR	31.5 	31.3 	24.1 u	40.3 u
2008,18P5-25,M,Y75-84,AT	37.4 	34.3 	42.5 	32.2 
2008,18P5-25,M,Y75-84,BE	38.5 	37.4 	40.7 	41.1 
2008,18P5-25,M,Y75-84,BG	45.7 	47.3 	46 u	39.4 u
2008,18P5-25,M,Y75-84,CY	40 	38.3 	45 u	: 
2008,18P5-25,M,Y75-84,CZ	26.6 	: 	28.9 u	: 
2008,18P5-25,M,Y75-84,DE	32.5 	: c	: c	35.1 
2008,18P5-25,M,Y75-84,EE	42.8 	43.2 	41.6 	45.5 u
2008,18P5-25,M,Y75-84,EL	34.1 	34.8 	31.9 u	31.9 u
2008,18P5-25,M,Y75-84,ES	29.2 	27.4 	38 u	37.4 
2008,18P5-25,M,Y75-84,FR	38.2 	35 	37.4 	58.3 
2008,18P5-25,M,Y75-84,HU	28.7 	32.6 u	24 	31.3 u
2008,18P5-25,M,Y75-84,LV	31.4 	37.8 	26.7 u	: 
2008,18P5-25,M,Y75-84,MT	29.9 u	28.2 u	40 u	: 
2008,18P5-25,M,Y75-84,PL	32.2 	31.2 	26.3 	48.5 
2008,18P5-25,M,Y75-84,RO	43.2 	43.3 	43.8 	40.6 u
2008,18P5-25,M,Y75-84,SI	30.6 	: 	33.9 u	: 
2008,18P5-25,M,Y75-84,SK	34.1 	28.3 u	37.2 u	: 
2008,18P5-25,M,Y75-84,TR	43.9 u	44.6 u	: 	: 
2008,18P5-25,M,Y_GE85,AT	41.7 	19 u	66.6 u	: 
2008,18P5-25,M,Y_GE85,BE	52.3 	49.2 	55.4 	56.7 
2008,18P5-25,M,Y_GE85,BG	59.4 u	62.6 u	: 	: 
2008,18P5-25,M,Y_GE85,CY	51.8 u	53.6 u	: 	: 
2008,18P5-25,M,Y_GE85,DE	: c	: c	: c	: c
2008,18P5-25,M,Y_GE85,EL	32.9 	27.1 u	: 	: 
2008,18P5-25,M,Y_GE85,ES	43 	41.5 	: 	: 
2008,18P5-25,M,Y_GE85,FR	51.3 	46 	56.2 	72.8 u
2008,18P5-25,M,Y_GE85,HU	53.9 u	: 	: 	: 
2008,18P5-25,M,Y_GE85,PL	39.7 	42.8 	26.8 u	: 
2008,18P5-25,M,Y_GE85,RO	54.6 	47.6 u	: 	: 
2008,18P5-25,M,Y_GE85,TR	41 u	40 u	: 	: 
2008,18P5-25,T,TOTAL,AT	48.7 	38.2 	51.8 	52.4 
2008,18P5-25,T,TOTAL,BE	49.7 	41.2 	50.1 	57.8 
2008,18P5-25,T,TOTAL,BG	46.2 	44.2 	46.1 	49.9 
2008,18P5-25,T,TOTAL,CY	45.8 	36.3 	49.9 	52.4 
2008,18P5-25,T,TOTAL,CZ	40.9 	43.7 	39 	50.3 
2008,18P5-25,T,TOTAL,DE	45.7 	44.2 	44.9 	49 
2008,18P5-25,T,TOTAL,EE	46.2 	42.1 	46.3 	55.1 
2008,18P5-25,T,TOTAL,EL	41.9 	32.6 	48.1 	48.7 
2008,18P5-25,T,TOTAL,ES	45 	37.3 	51.3 	55.1 
2008,18P5-25,T,TOTAL,FR	53.1 	44.1 	53.7 	64.5 
2008,18P5-25,T,TOTAL,HU	41.7 	37.8 	40.6 	50.2 
2008,18P5-25,T,TOTAL,LV	43.2 	39.8 	42.7 	48.6 
2008,18P5-25,T,TOTAL,MT	38 u	27.1 u	42.3 	43.7 
2008,18P5-25,T,TOTAL,PL	43.6 	38.6 	42.2 	53.5 
2008,18P5-25,T,TOTAL,RO	47.8 	48.8 	47 	49.7 
2008,18P5-25,T,TOTAL,SI	41.8 	31.6 	41.3 	56.9 
2008,18P5-25,T,TOTAL,SK	46.7 	39.2 	46 	53.7 
2008,18P5-25,T,TOTAL,TR	46.4 	42.5 	57.9 	49.2 
2008,18P5-25,T,Y18-24,AT	73.9 	67.5 	75.9 	74.4 
2008,18P5-25,T,Y18-24,BE	76.2 	71.1 	74.6 	80.2 
2008,18P5-25,T,Y18-24,BG	71 	76.4 	70.5 	50.8 u
2008,18P5-25,T,Y18-24,CY	70.3 	53.8 	73.6 	70.6 
2008,18P5-25,T,Y18-24,CZ	67.6 	77.8 u	64.1 	: 
2008,18P5-25,T,Y18-24,DE	73 	73.7 	72.2 	77.6 
2008,18P5-25,T,Y18-24,EE	71.7 	74.8 	71.2 	65.7 
2008,18P5-25,T,Y18-24,EL	71.9 	74.5 	72 	68.7 
2008,18P5-25,T,Y18-24,ES	69.1 	66.8 	71 	70.3 
2008,18P5-25,T,Y18-24,FR	73.5 	70.7 	74 	74.7 
2008,18P5-25,T,Y18-24,HU	68.6 	69.9 	67.4 	74.5 u
2008,18P5-25,T,Y18-24,LV	76.6 	75.9 	75.5 	83.5 
2008,18P5-25,T,Y18-24,MT	58.5 	: 	59 	57.5 
2008,18P5-25,T,Y18-24,PL	70.8 	75.9 	68.9 	73.6 
2008,18P5-25,T,Y18-24,RO	74.5 	78.7 	72.9 	70.6 
2008,18P5-25,T,Y18-24,SI	67.1 	68.3 u	66.1 	: 
2008,18P5-25,T,Y18-24,SK	73.3 	76.7 	72.2 	74.5 
2008,18P5-25,T,Y18-24,TR	74.3 	73.1 	76.6 	68.4 
2008,18P5-25,T,Y25-34,AT	63.3 	47.6 	64.5 	68.2 
2008,18P5-25,T,Y25-34,BE	58.7 	51 	54.6 	64.3 
2008,18P5-25,T,Y25-34,BG	57.6 	50.3 	58.6 	62 
2008,18P5-25,T,Y25-34,CY	58.4 	51.5 	57.1 	61.8 
2008,18P5-25,T,Y25-34,CZ	54.4 	62.3 u	53.6 	54.9 
2008,18P5-25,T,Y25-34,DE	56.7 	54.3 	54.1 	64.8 
2008,18P5-25,T,Y25-34,EE	59.1 	48.9 	60.2 	65.2 
2008,18P5-25,T,Y25-34,EL	57.6 	56 	52.6 	66.6 
2008,18P5-25,T,Y25-34,ES	56.7 	51.9 	54.3 	63 
2008,18P5-25,T,Y25-34,FR	63.4 	58.9 	59.1 	68.9 
2008,18P5-25,T,Y25-34,HU	57.4 	47.3 	53.9 	68.7 
2008,18P5-25,T,Y25-34,LV	57 	48.7 	54.7 	66.6 
2008,18P5-25,T,Y25-34,MT	45.8 	30 u	42.2 	56.4 
2008,18P5-25,T,Y25-34,PL	56.7 	52.6 	52.4 	63.9 
2008,18P5-25,T,Y25-34,RO	59 	57.6 	58.4 	62.1 
2008,18P5-25,T,Y25-34,SI	57.5 	35.5 u	53.4 	75.0 
2008,18P5-25,T,Y25-34,SK	61.2 	: 	59.6 	66.4 
2008,18P5-25,T,Y25-34,TR	57.4 	55.7 	58.3 	62.2 
2008,18P5-25,T,Y35-44,AT	52.1 	40.6 	53 	56.1 
2008,18P5-25,T,Y35-44,BE	52.7 	43.5 	47.8 	60.8 
2008,18P5-25,T,Y35-44,BG	48.6 	46 	45.9 	58.3 
2008,18P5-25,T,Y35-44,CY	48.6 	46.4 	48.6 	50.1 
2008,18P5-25,T,Y35-44,CZ	47 	: 	46.4 	53.8 u
2008,18P5-25,T,Y35-44,DE	47.9 	37.2 	46.9 	54.3 
2008,18P5-25,T,Y35-44,EE	47.6 	36.8 	47.6 	56.8 
2008,18P5-25,T,Y35-44,EL	46.9 	37.9 	46.5 	55.2 
2008,18P5-25,T,Y35-44,ES	47.5 	40.3 	48.2 	55.4 
2008,18P5-25,T,Y35-44,FR	56.4 	47.1 	54.5 	64.9 
2008,18P5-25,T,Y35-44,HU	43 	46.4 	39.6 	49.6 
2008,18P5-25,T,Y35-44,LV	43.2 	43.1 	41.1 	47.4 
2008,18P5-25,T,Y35-44,MT	41.9 	26.9 u	44 u	39.5 
2008,18P5-25,T,Y35-44,PL	45.7 	40.9 	43.1 	55.4 
2008,18P5-25,T,Y35-44,RO	46.9 	50.4 	45.7 	50.8 
2008,18P5-25,T,Y35-44,SI	42.3 	35.4 u	36.2 	60.1 
2008,18P5-25,T,Y35-44,SK	48.3 	: 	46.4 	55.1 
2008,18P5-25,T,Y35-44,TR	36 	35.4 	40 	34 
2008,18P5-25,T,Y45-54,AT	42.5 	35 	41.7 	49.6 
2008,18P5-25,T,Y45-54,BE	47.7 	39.3 	49.8 	54.1 
2008,18P5-25,T,Y45-54,BG	40.1 	38.7 	38.3 	46.4 
2008,18P5-25,T,Y45-54,CY	39.6 	38.2 	40.3 	40.1 
2008,18P5-25,T,Y45-54,CZ	30.3 	47.4 u	26.6 	50.4 u
2008,18P5-25,T,Y45-54,DE	42.9 	37.2 	42.2 	47.3 
2008,18P5-25,T,Y45-54,EE	39.6 	42 	38.8 	42.5 
2008,18P5-25,T,Y45-54,EL	34.8 	32.7 	40 	31.9 
2008,18P5-25,T,Y45-54,ES	41.1 	35.2 	44 	50 
2008,18P5-25,T,Y45-54,FR	49 	41 	49.7 	58.5 
2008,18P5-25,T,Y45-54,HU	33.6 	34.3 	32 	38.3 
2008,18P5-25,T,Y45-54,LV	35.8 	31.4 	35.6 	39.1 
2008,18P5-25,T,Y45-54,MT	32 u	23.4 u	35.9 	33.9 
2008,18P5-25,T,Y45-54,PL	36 	37.6 	34.2 	43.1 
2008,18P5-25,T,Y45-54,RO	34.9 	39.6 	34 	31.7 
2008,18P5-25,T,Y45-54,SI	33.1 	22.0 	32.7 	48.1 
2008,18P5-25,T,Y45-54,SK	38.5 	26.2 u	39.5 	38.6 
2008,18P5-25,T,Y45-54,TR	28.8 	27.1 	34 	35 
2008,18P5-25,T,Y55-64,AT	33.4 	27.8 	34.3 	37.5 
2008,18P5-25,T,Y55-64,BE	36.8 	32.2 	37.8 	42.5 
2008,18P5-25,T,Y55-64,BG	32.8 	33.3 	30.4 	38.9 
2008,18P5-25,T,Y55-64,CY	29.6 	26.7 	30 	40.5 
2008,18P5-25,T,Y55-64,CZ	23.2 	22.3 	21.4 	34.2 u
2008,18P5-25,T,Y55-64,DE	34.4 	31.2 	33.3 	38.8 
2008,18P5-25,T,Y55-64,EE	30.9 	30.7 	29.3 	44.2 
2008,18P5-25,T,Y55-64,EL	25 	24 	22.3 	31.2 
2008,18P5-25,T,Y55-64,ES	32.1 	27.3 	40.7 	40.1 
2008,18P5-25,T,Y55-64,FR	41.9 	37.9 	39.1 	57 
2008,18P5-25,T,Y55-64,HU	28.4 	31.5 	26 	32.1 
2008,18P5-25,T,Y55-64,LV	26 	30.7 	23.4 	27.9 
2008,18P5-25,T,Y55-64,MT	27.7 u	27.8 u	29.2 	21.3 
2008,18P5-25,T,Y55-64,PL	29.1 	27.4 	28.7 	33.6 
2008,18P5-25,T,Y55-64,RO	34.3 	37.9 	31.3 	34.7 
2008,18P5-25,T,Y55-64,SI	28.9 	19.8 	30.5 	41.5 u
2008,18P5-25,T,Y55-64,SK	26.8 	25.2 	25.2 	35.4 
2008,18P5-25,T,Y55-64,TR	29.3 	28.1 u	36.4 	34.9 
2008,18P5-25,T,Y65-74,AT	31.5 	26.9 	34.2 	35.4 
2008,18P5-25,T,Y65-74,BE	38.4 	37.8 	39.4 	36.5 
2008,18P5-25,T,Y65-74,BG	33.1 	33.5 	32.3 	33.8 
2008,18P5-25,T,Y65-74,CY	28.5 	27.6 	32.3 	26.7 
2008,18P5-25,T,Y65-74,CZ	22.6 	30.2 	18.8 	: 
2008,18P5-25,T,Y65-74,DE	33.9 	33.3 	33.5 	36.2 
2008,18P5-25,T,Y65-74,EE	30.7 	27.3 	31 	49.1 
2008,18P5-25,T,Y65-74,EL	22.1 	21.2 	22 	27.3 
2008,18P5-25,T,Y65-74,ES	27.1 	23.9 	39.3 	37.6 
2008,18P5-25,T,Y65-74,FR	40.6 	38.1 	40.2 	55.5 
2008,18P5-25,T,Y65-74,HU	26.1 	22.1 	26.1 	39.1 
2008,18P5-25,T,Y65-74,LV	23.8 	21.3 	23.8 	31.2 
2008,18P5-25,T,Y65-74,MT	26.4 u	23.1 u	37.3 	20.8 u
2008,18P5-25,T,Y65-74,PL	26.9 	25.1 	26.8 	33.3 
2008,18P5-25,T,Y65-74,RO	38.4 	39.6 	37.2 	33.4 
2008,18P5-25,T,Y65-74,SI	26.4 	23.1 	25.4 	45.2 u
2008,18P5-25,T,Y65-74,SK	25.7 	22.4 	25.7 	32.5 
2008,18P5-25,T,Y65-74,TR	28 u	27.5 u	27.7 u	39.6 u
2008,18P5-25,T,Y75-84,AT	37.6 	35 	41.4 	37.1 
2008,18P5-25,T,Y75-84,BE	40.5 	38.1 	41.9 	48.1 
2008,18P5-25,T,Y75-84,BG	41.5 	43.6 	38.6 	35.6 u
2008,18P5-25,T,Y75-84,CY	40.2 	38.6 	50.2 	35.8 u
2008,18P5-25,T,Y75-84,CZ	29.1 	22.4 	27.9 	: 
2008,18P5-25,T,Y75-84,DE	35.1 	33.3 	35.4 	39.9 
2008,18P5-25,T,Y75-84,EE	37.3 	36.3 	37.9 	43.5 
2008,18P5-25,T,Y75-84,EL	33.7 	33 	39 	30.9 
2008,18P5-25,T,Y75-84,ES	30.6 	29.2 	43.9 	36.5 
2008,18P5-25,T,Y75-84,FR	43.2 	41.2 	44.4 	60.8 
2008,18P5-25,T,Y75-84,HU	32.2 	31 	33.7 	35.5 u
2008,18P5-25,T,Y75-84,LV	29.6 	29.1 	29.2 	32.9 
2008,18P5-25,T,Y75-84,MT	34 u	30.7 u	50 u	: 
2008,18P5-25,T,Y75-84,PL	33.1 	32.2 	30.2 	48.6 
2008,18P5-25,T,Y75-84,RO	51.9 	53.3 	47.1 	47.5 
2008,18P5-25,T,Y75-84,SI	33.3 	38.3 	30.5 u	: 
2008,18P5-25,T,Y75-84,SK	29.7 	25.1 	34.1 	: 
2008,18P5-25,T,Y75-84,TR	45 u	45.5 u	: 	: 
2008,18P5-25,T,Y_GE85,AT	53.5 	50.2 	64.6 	47.7 u
2008,18P5-25,T,Y_GE85,BE	53.6 	52.6 	56.1 	55.4 
2008,18P5-25,T,Y_GE85,BG	68.8 	68.2 	: 	: 
2008,18P5-25,T,Y_GE85,CY	47.2 	48.4 	: 	: 
2008,18P5-25,T,Y_GE85,CZ	30.3 u	: 	: 	: 
2008,18P5-25,T,Y_GE85,DE	52.8 	: c	: c	: c
2008,18P5-25,T,Y_GE85,EE	47.9 u	: 	: 	: 
2008,18P5-25,T,Y_GE85,EL	41 	38.6 	: 	: 
2008,18P5-25,T,Y_GE85,ES	42.2 u	40.2 u	44.8 u	66.6 u
2008,18P5-25,T,Y_GE85,FR	54.1 	50.8 	59.8 	77.6 
2008,18P5-25,T,Y_GE85,HU	54.9 	53.6 	: 	: 
2008,18P5-25,T,Y_GE85,LV	40.2 	43.5 u	: 	: 
2008,18P5-25,T,Y_GE85,PL	42.7 	40.5 	46.2 	56.3 u
2008,18P5-25,T,Y_GE85,RO	62.6 u	60.7 u	77.2 u	: 
2008,18P5-25,T,Y_GE85,SK	39.4 u	53.1 u	: 	: 
2008,18P5-25,T,Y_GE85,TR	45.3 u	42.9 u	: 	: 
2008,25-30,F,TOTAL,AT	29.5 	38.5 	26.3 	23.3 
2008,25-30,F,TOTAL,BE	26.8 	33.6 	25.9 	21.1 
2008,25-30,F,TOTAL,BG	33 	39 	32.2 	25.6 
2008,25-30,F,TOTAL,CY	27.7 	36.3 	25.4 	18.6 
2008,25-30,F,TOTAL,CZ	30 	28.2 	32 	19.3 
2008,25-30,F,TOTAL,DE	28.8 	30.4 	29.4 	24.8 
2008,25-30,F,TOTAL,EE	27.1 	31.3 	27 	20.2 
2008,25-30,F,TOTAL,EL	31.3 	40.1 	25.2 	23.2 
2008,25-30,F,TOTAL,ES	29 	35.1 	24.5 	20.6 
2008,25-30,F,TOTAL,FR	24.5 	30.8 	23.4 	16.5 
2008,25-30,F,TOTAL,HU	31.1 	32.6 	33.5 	22.9 
2008,25-30,F,TOTAL,LV	32.7 	37.1 	33.3 	27.5 
2008,25-30,F,TOTAL,MT	29.6 u	36.5 u	26.4 	26.3 
2008,25-30,F,TOTAL,PL	30.4 	35.8 	30.7 	23.7 
2008,25-30,F,TOTAL,RO	36.1 	39.3 	35.1 	30.2 
2008,25-30,F,TOTAL,SI	30.7 	41.5 	28.2 	20.9 
2008,25-30,F,TOTAL,SK	27.3 	34.5 	27.3 	22.2 
2008,25-30,F,TOTAL,TR	29.1 u	31.6 u	20.6 	23.8 
2008,25-30,F,Y18-24,AT	13.4 	19 	11.2 	15.7 
2008,25-30,F,Y18-24,BE	8.9 	15.3 	7.9 	6.3 
2008,25-30,F,Y18-24,BG	6.7 	13.4 	4.8 	: 
2008,25-30,F,Y18-24,CY	10.9 	7.3 u	10.6 	12.8 
2008,25-30,F,Y18-24,CZ	8.2 	: 	11.3 	: 
2008,25-30,F,Y18-24,DE	11.7 	: c	12.4 	: c
2008,25-30,F,Y18-24,EE	10 	9 	10.1 	10.9 u
2008,25-30,F,Y18-24,EL	13.6 	23.8 u	10.7 	17.1 u
2008,25-30,F,Y18-24,ES	12.6 	14.4 	10.7 	13.9 
2008,25-30,F,Y18-24,FR	12.7 	15.3 	13.6 	8.8 
2008,25-30,F,Y18-24,HU	11.5 	13.7 	10.9 	9.7 u
2008,25-30,F,Y18-24,LV	8.8 	12.2 	9.1 	2.8 
2008,25-30,F,Y18-24,MT	16.7 	: 	15 	22 
2008,25-30,F,Y18-24,PL	10.9 	9.1 	11.8 	7.6 
2008,25-30,F,Y18-24,RO	9.5 	11.6 	8.9 	3.2 u
2008,25-30,F,Y18-24,SI	14.2 	18.0 u	12.1 	: 
2008,25-30,F,Y18-24,SK	8.5 	7.6 	9.6 	5.4 
2008,25-30,F,Y18-24,TR	10.3 	13.4 u	5.9 	4.4 
2008,25-30,F,Y25-34,AT	17.4 	33.7 	13.7 	15.5 
2008,25-30,F,Y25-34,BE	24.4 	31.1 	30.6 	19.6 
2008,25-30,F,Y25-34,BG	16 	29.4 	14.9 	8 
2008,25-30,F,Y25-34,CY	16.9 	22.3 	19.8 	13.2 
2008,25-30,F,Y25-34,CZ	17.9 	: 	19.4 	15.9 u
2008,25-30,F,Y25-34,DE	21.1 	: c	24.1 	17.2 
2008,25-30,F,Y25-34,EE	15.4 	24.9 	14.6 	11.8 
2008,25-30,F,Y25-34,EL	20 	28.8 	18.2 	18.7 
2008,25-30,F,Y25-34,ES	20.1 	23.2 	24 	15.5 
2008,25-30,F,Y25-34,FR	19.6 	22.2 	21.5 	17.3 
2008,25-30,F,Y25-34,HU	16.7 	17.5 u	18.8 	13.2 
2008,25-30,F,Y25-34,LV	24.2 	32.8 	27.2 	17.2 
2008,25-30,F,Y25-34,MT	23.8 	: 	24.9 	16.4 
2008,25-30,F,Y25-34,PL	17.2 	18.3 	20.8 	12.5 
2008,25-30,F,Y25-34,RO	25.2 	33.4 	25.7 	16.2 
2008,25-30,F,Y25-34,SI	15.6 	: 	16.4 	10.7 
2008,25-30,F,Y25-34,SK	16.1 	: 	16.8 	13.6 
2008,25-30,F,Y25-34,TR	24.3 	26.2 u	23.6 	16.4 
2008,25-30,F,Y35-44,AT	25.3 	36.7 	24.1 	19.9 
2008,25-30,F,Y35-44,BE	21.8 	22.7 	21.3 	21.9 
2008,25-30,F,Y35-44,BG	27.2 	37 	28.3 	19.8 
2008,25-30,F,Y35-44,CY	22.9 	24.9 	24.1 	19.2 
2008,25-30,F,Y35-44,CZ	21.5 	: 	20.2 	: 
2008,25-30,F,Y35-44,DE	24.5 	: c	25.3 	21.5 
2008,25-30,F,Y35-44,EE	23.9 	31.3 u	24.7 	17.1 
2008,25-30,F,Y35-44,EL	22.6 	28.2 	27.5 	10.2 
2008,25-30,F,Y35-44,ES	25.3 	30 	26.2 	19.8 
2008,25-30,F,Y35-44,FR	19.4 	26 	19.9 	15 
2008,25-30,F,Y35-44,HU	25.2 	25 	29.5 	18.1 
2008,25-30,F,Y35-44,LV	35.7 	41.3 u	35.8 	34.4 
2008,25-30,F,Y35-44,MT	26.4 u	: 	23.8 u	29 u
2008,25-30,F,Y35-44,PL	28.1 	27.3 	30.7 	21.6 
2008,25-30,F,Y35-44,RO	36.8 	38.8 	37.5 	29 
2008,25-30,F,Y35-44,SI	27.4 	39.9 u	30.6 	17.6 
2008,25-30,F,Y35-44,SK	20.1 	: 	19.4 	22.4 
2008,25-30,F,Y35-44,TR	35.6 	36.6 u	33.5 	29.4 
2008,25-30,F,Y45-54,AT	30.5 	37.4 	31.3 	20.6 
2008,25-30,F,Y45-54,BE	26.1 	34.3 	22.8 	21.7 
2008,25-30,F,Y45-54,BG	39.5 	48.8 	39.7 	31.9 
2008,25-30,F,Y45-54,CY	32.4 	35.5 	33.4 	25.6 
2008,25-30,F,Y45-54,CZ	44.9 	: 	44.9 	: 
2008,25-30,F,Y45-54,DE	28.8 	: c	28.9 	27 
2008,25-30,F,Y45-54,EE	31 	23.7 	32.5 	28.3 
2008,25-30,F,Y45-54,EL	34.4 	37 	28.9 	38 
2008,25-30,F,Y45-54,ES	30.3 	34.5 	27.9 	24 
2008,25-30,F,Y45-54,FR	25 	30 	24.2 	19.2 
2008,25-30,F,Y45-54,HU	33.1 	26.5 	36.6 	29.3 
2008,25-30,F,Y45-54,LV	34.7 	47.8 	31.7 	36.2 
2008,25-30,F,Y45-54,MT	39.6 u	47.1 u	35.9 u	37.5 u
2008,25-30,F,Y45-54,PL	36.5 	37.9 	36.6 	34.9 
2008,25-30,F,Y45-54,RO	47.1 	43.9 	47.3 	54.6 
2008,25-30,F,Y45-54,SI	33.8 	39.0 	34.5 	26.1 u
2008,25-30,F,Y45-54,SK	34 	32.4 u	33.6 	36.4 
2008,25-30,F,Y45-54,TR	39.4 u	39 u	37.9 	46.1 
2008,25-30,F,Y55-64,AT	39.1 	39.3 	38.7 	40 
2008,25-30,F,Y55-64,BE	33.3 	37.8 	29.2 	29.8 
2008,25-30,F,Y55-64,BG	46.2 	47.4 	48.2 	39.2 
2008,25-30,F,Y55-64,CY	40.7 	42.1 	39.9 	34 
2008,25-30,F,Y55-64,CZ	42.7 	39.7 u	47.7 	: 
2008,25-30,F,Y55-64,DE	34.2 	: c	35.3 	33.1 
2008,25-30,F,Y55-64,EE	34.2 	19.3 	39.3 	27.9 u
2008,25-30,F,Y55-64,EL	43.4 	47.2 	39.9 	31.4 
2008,25-30,F,Y55-64,ES	39.1 	42.1 	32 	33.7 
2008,25-30,F,Y55-64,FR	32 	34.5 	33.8 	21.8 
2008,25-30,F,Y55-64,HU	43.2 	28.6 	52.5 	40 
2008,25-30,F,Y55-64,LV	41.8 	43.5 	45.1 	30.9 
2008,25-30,F,Y55-64,MT	32.8 u	31.9 u	32.6 	42.1 u
2008,25-30,F,Y55-64,PL	39.1 	33.8 	40.1 	44.4 
2008,25-30,F,Y55-64,RO	48.7 	49.1 	48.7 	46.3 
2008,25-30,F,Y55-64,SI	40.3 	43.4 	42.8 	24.9 u
2008,25-30,F,Y55-64,SK	38.8 	34.1 u	41.4 	30.8 
2008,25-30,F,Y55-64,TR	39.1 u	38.9 u	42.4 u	38.9 u
2008,25-30,F,Y65-74,AT	44.4 	44.9 	45 	40.2 
2008,25-30,F,Y65-74,BE	37.1 	35.6 	42.6 	32.4 
2008,25-30,F,Y65-74,BG	49.4 	46.3 	51.7 	57 
2008,25-30,F,Y65-74,CY	44.3 	45 	41.1 	: 
2008,25-30,F,Y65-74,CZ	38.5 	32.6 u	39.8 	: 
2008,25-30,F,Y65-74,DE	39.1 	37.5 	41.4 	33.9 
2008,25-30,F,Y65-74,EE	37.9 	44.1 	33.6 	34.3 u
2008,25-30,F,Y65-74,EL	43.9 	40.9 	55.8 	55.5 u
2008,25-30,F,Y65-74,ES	42.9 	44.2 	36.1 	37.6 
2008,25-30,F,Y65-74,FR	33.3 	35 	34.8 	14.1 
2008,25-30,F,Y65-74,HU	46 	46.3 	51.1 	33.7 u
2008,25-30,F,Y65-74,LV	42.6 	39.3 	47.6 	37.6 
2008,25-30,F,Y65-74,MT	35.5 u	36.8 u	26.9 u	: 
2008,25-30,F,Y65-74,PL	42.9 	44.7 	40.9 	42.6 
2008,25-30,F,Y65-74,RO	47.2 	48 	43.8 	52.8 u
2008,25-30,F,Y65-74,SI	46.8 	55.7 	37.9 u	: 
2008,25-30,F,Y65-74,SK	42.2 	37.6 	43 	56 u
2008,25-30,F,Y65-74,TR	39.9 u	40 u	: 	: 
2008,25-30,F,Y75-84,AT	43.2 	46.3 	40.3 	30 u
2008,25-30,F,Y75-84,BE	34.9 	36.8 	34.7 	27.3 u
2008,25-30,F,Y75-84,BG	42.7 	38.2 	49.8 	: 
2008,25-30,F,Y75-84,CY	34.2 	35.3 	18.2 u	: 
2008,25-30,F,Y75-84,CZ	46.5 	35.6 u	56.7 	: 
2008,25-30,F,Y75-84,DE	39.7 	41.3 	38.9 	29.9 
2008,25-30,F,Y75-84,EE	39.6 	40.7 	38.1 	: 
2008,25-30,F,Y75-84,EL	43.8 	44.1 	35.6 u	59 u
2008,25-30,F,Y75-84,ES	41.6 u	41.4 u	36.7 	53.7 u
2008,25-30,F,Y75-84,FR	32.7 	33.9 	29 	21.2 
2008,25-30,F,Y75-84,HU	40.1 	39.9 	43.1 	: 
2008,25-30,F,Y75-84,LV	41 	45.6 	39.7 	25.7 u
2008,25-30,F,Y75-84,MT	28.6 u	30.7 u	14.3 u	: 
2008,25-30,F,Y75-84,PL	42.8 	43.1 	43.3 	37.4 
2008,25-30,F,Y75-84,RO	32.7 	32 	37.3 	28.7 u
2008,25-30,F,Y75-84,SI	46.8 	43.0 	: 	: 
2008,25-30,F,Y75-84,SK	48.7 	52.8 	44.7 	: 
2008,25-30,F,Y75-84,TR	30.8 u	31.5 u	: 	: 
2008,25-30,F,Y_GE85,AT	30.3 	31.6 	23.4 u	: 
2008,25-30,F,Y_GE85,BE	30.7 	32.4 	26.1 	23.8 
2008,25-30,F,Y_GE85,BG	20 u	27.2 u	: 	: 
2008,25-30,F,Y_GE85,CY	29 u	30 u	: 	: 
2008,25-30,F,Y_GE85,CZ	43.5 u	: 	: 	: 
2008,25-30,F,Y_GE85,DE	: c	: c	: c	: c
2008,25-30,F,Y_GE85,EL	43.7 	46.6 	: 	: 
2008,25-30,F,Y_GE85,ES	34.9 u	36.3 u	: 	: 
2008,25-30,F,Y_GE85,FR	25 	26.8 	16 	15.2 u
2008,25-30,F,Y_GE85,HU	29.5 	25 u	: 	: 
2008,25-30,F,Y_GE85,LV	34 	30.1 u	: 	: 
2008,25-30,F,Y_GE85,PL	36.2 	38.4 	28.3 	: 
2008,25-30,F,Y_GE85,RO	28.3 u	27 u	: 	: 
2008,25-30,F,Y_GE85,SK	39.4 u	25.1 u	: 	: 
2008,25-30,F,Y_GE85,TR	41.2 u	46.4 u	: 	: 
2008,25-30,M,TOTAL,AT	44 	47.3 	43.1 	44.1 
2008,25-30,M,TOTAL,BE	40.8 	41.1 	40.8 	40.6 
2008,25-30,M,TOTAL,BG	46.4 	44 	46.7 	49.5 
2008,25-30,M,TOTAL,CY	44.5 	44.7 	42.9 	47 
2008,25-30,M,TOTAL,CZ	47.1 	31.7 	48.3 	49.1 
2008,25-30,M,TOTAL,DE	44 	37.5 	44.7 	46.4 
2008,25-30,M,TOTAL,EE	38.9 	36.2 	39.9 	38.9 
2008,25-30,M,TOTAL,EL	46.7 	47.6 	43 	50.1 
2008,25-30,M,TOTAL,ES	45.6 	45.1 	46.5 	45.6 
2008,25-30,M,TOTAL,FR	39.3 	41.2 	40.5 	34.8 
2008,25-30,M,TOTAL,HU	39.3 	32.3 	40.7 	42 
2008,25-30,M,TOTAL,LV	44.5 	41.1 	44.6 	49.9 
2008,25-30,M,TOTAL,MT	44.6 	47.6 u	44.1 	42.1 
2008,25-30,M,TOTAL,PL	46.3 	41.1 	47.3 	47.5 
2008,25-30,M,TOTAL,RO	49.9 	46.7 	50.5 	53.7 
2008,25-30,M,TOTAL,SI	49.0 	42.5 	49.7 	53.3 
2008,25-30,M,TOTAL,SK	44.5 	35.5 	45.4 	45 
2008,25-30,M,TOTAL,TR	39.2 	40.4 	33.4 	43.9 
2008,25-30,M,Y18-24,AT	18.3 	16.3 	19.2 	16.1 
2008,25-30,M,Y18-24,BE	17.9 	19.6 	19 	16.3 
2008,25-30,M,Y18-24,BG	23.9 	12.2 	27.1 	: 
2008,25-30,M,Y18-24,CY	25.6 	40.8 	21.2 	29.4 u
2008,25-30,M,Y18-24,CZ	32.9 	16.1 u	36.1 	: 
2008,25-30,M,Y18-24,DE	21 	18.1 	23.7 	: c
2008,25-30,M,Y18-24,EE	21.7 	18.6 	22.8 	28.5 u
2008,25-30,M,Y18-24,EL	21.9 	12.7 u	23.9 	: 
2008,25-30,M,Y18-24,ES	22.7 	20 	25.5 	24.9 
2008,25-30,M,Y18-24,FR	15.5 	10 	17.8 	15.2 
2008,25-30,M,Y18-24,HU	19 	15.9 	20.3 	: 
2008,25-30,M,Y18-24,LV	22.7 	17.1 	25.6 	24.6 u
2008,25-30,M,Y18-24,MT	33.5 	: 	34.6 	32.4 u
2008,25-30,M,Y18-24,PL	26.3 	18.4 	28.8 	30.6 
2008,25-30,M,Y18-24,RO	25.4 	18.4 	26.9 	: 
2008,25-30,M,Y18-24,SI	31.5 	12.0 u	37.9 	: 
2008,25-30,M,Y18-24,SK	23.5 	18.9 	25.1 	20.8 u
2008,25-30,M,Y18-24,TR	19.1 	19.9 	16.1 	35.5 
2008,25-30,M,Y25-34,AT	34.9 	42.5 	35.3 	31.1 
2008,25-30,M,Y25-34,BE	32.6 	27.1 	34.4 	32.2 
2008,25-30,M,Y25-34,BG	43.8 	44.7 	43.9 	42.7 
2008,25-30,M,Y25-34,CY	39.3 	45.5 	38.7 	37.1 
2008,25-30,M,Y25-34,CZ	47.2 	: 	46 	52 u
2008,25-30,M,Y25-34,DE	36.2 	: c	35.9 	34.4 
2008,25-30,M,Y25-34,EE	36.2 	41.5 	35.1 	32.9 u
2008,25-30,M,Y25-34,EL	38.9 	35.1 	43.6 	33.1 
2008,25-30,M,Y25-34,ES	40.7 	38.5 	44 	40.5 
2008,25-30,M,Y25-34,FR	30.1 	20.7 	34.3 	28.8 
2008,25-30,M,Y25-34,HU	36 	27.6 	38.6 	32.3 
2008,25-30,M,Y25-34,LV	43 	43.9 	41.3 	46.1 
2008,25-30,M,Y25-34,MT	36.6 	: 	35.7 	39 
2008,25-30,M,Y25-34,PL	46.9 	41.4 	48.5 	44.8 
2008,25-30,M,Y25-34,RO	46 	44.3 	46 	47.5 
2008,25-30,M,Y25-34,SI	44.7 	: 	46.1 	35.9 u
2008,25-30,M,Y25-34,SK	38.9 	: 	40.7 	33.4 
2008,25-30,M,Y25-34,TR	36.1 	35 	39.6 	33.7 
2008,25-30,M,Y35-44,AT	45.9 	50.4 	45.8 	44.7 
2008,25-30,M,Y35-44,BE	39.7 	42.1 	43.8 	33.9 
2008,25-30,M,Y35-44,BG	48.5 	43 	51.1 	43.7 
2008,25-30,M,Y35-44,CY	48.7 	41.6 	49.5 	52 
2008,25-30,M,Y35-44,CZ	44.1 	: 	47 	: 
2008,25-30,M,Y35-44,DE	46.9 	: c	47.2 	45.1 
2008,25-30,M,Y35-44,EE	45.5 	39.3 	46.7 	44.9 u
2008,25-30,M,Y35-44,EL	51.6 	56.9 	45.8 	54.7 
2008,25-30,M,Y35-44,ES	47 	46.4 	48.2 	46.5 
2008,25-30,M,Y35-44,FR	40.3 	42.5 	41.6 	36.4 
2008,25-30,M,Y35-44,HU	48.3 	43.7 	47.6 	54.8 
2008,25-30,M,Y35-44,LV	49.6 	45.6 	50.3 	51.2 
2008,25-30,M,Y35-44,MT	50.8 	50 u	52.8 	46.5 u
2008,25-30,M,Y35-44,PL	51.7 	53.6 	51.9 	49.9 
2008,25-30,M,Y35-44,RO	54.1 	49.5 	55.1 	52.5 
2008,25-30,M,Y35-44,SI	53.7 	39.2 u	55.2 	58.4 u
2008,25-30,M,Y35-44,SK	49.8 	: 	50.2 	49.2 
2008,25-30,M,Y35-44,TR	47.8 	46.3 	43.8 	59.8 
2008,25-30,M,Y45-54,AT	53.7 	59.3 	55 	49 
2008,25-30,M,Y45-54,BE	45.3 	41.6 	46.9 	46.8 
2008,25-30,M,Y45-54,BG	55.2 	49.5 	55.9 	58.9 
2008,25-30,M,Y45-54,CY	48.7 	42.1 	49.2 	55.3 
2008,25-30,M,Y45-54,CZ	48.1 	: 	52.3 	: 
2008,25-30,M,Y45-54,DE	46.8 	: c	45.4 	48.8 
2008,25-30,M,Y45-54,EE	44.2 	44.3 	44.2 	43.9 u
2008,25-30,M,Y45-54,EL	52.7 	50.7 	47.5 	58.2 
2008,25-30,M,Y45-54,ES	51.9 	50.6 	57 	50 
2008,25-30,M,Y45-54,FR	46.7 	46.5 	46.3 	48 
2008,25-30,M,Y45-54,HU	42.1 	30.4 	43.3 	45.5 
2008,25-30,M,Y45-54,LV	51.2 	49 	50 	55 
2008,25-30,M,Y45-54,MT	47.5 	50.7 u	47 	42.9 u
2008,25-30,M,Y45-54,PL	50.1 	43.6 	50.1 	55.7 
2008,25-30,M,Y45-54,RO	58.1 	59.5 	57.4 	62.1 
2008,25-30,M,Y45-54,SI	56.5 	52.3 u	56.8 	60.8 u
2008,25-30,M,Y45-54,SK	53.6 	: 	52.7 	58.9 
2008,25-30,M,Y45-54,TR	47.2 	46.8 	46.3 	50.2 
2008,25-30,M,Y55-64,AT	50 	52.1 	50.2 	48.7 
2008,25-30,M,Y55-64,BE	47.7 	45.7 	45.7 	52.3 
2008,25-30,M,Y55-64,BG	52.3 	50.7 	52.8 	53.4 
2008,25-30,M,Y55-64,CY	52.9 	49 	60.4 	51.3 
2008,25-30,M,Y55-64,CZ	52.1 	: 	50.2 	67.7 u
2008,25-30,M,Y55-64,DE	50.1 	: c	50.5 	48.4 
2008,25-30,M,Y55-64,EE	41.7 	36.8 	42.6 	52.5 u
2008,25-30,M,Y55-64,EL	52.8 	46.5 	58.4 	59 
2008,25-30,M,Y55-64,ES	51.1 	48.9 	58.5 	51.5 
2008,25-30,M,Y55-64,FR	48.7 	49.5 	52.4 	39.4 
2008,25-30,M,Y55-64,HU	44.6 	40.9 	44 	49.7 
2008,25-30,M,Y55-64,LV	47.3 	44.3 	47.9 	51 
2008,25-30,M,Y55-64,MT	49.8 	49.1 u	50.5 	50 u
2008,25-30,M,Y55-64,PL	49.3 	43.9 	50.2 	52.9 
2008,25-30,M,Y55-64,RO	57.5 	51.4 	59.3 	63.1 
2008,25-30,M,Y55-64,SI	45.5 	48.2 u	42.3 	55.8 u
2008,25-30,M,Y55-64,SK	53.9 	44.8 u	52.6 	63.9 
2008,25-30,M,Y55-64,TR	44.9 	45 	44.3 	44.9 
2008,25-30,M,Y65-74,AT	53.4 	52.7 	55.5 	50.2 
2008,25-30,M,Y65-74,BE	50.8 	47.9 	49.2 	62.1 
2008,25-30,M,Y65-74,BG	49.2 	53.8 	41.7 	51.7 
2008,25-30,M,Y65-74,CY	48.5 	46.9 	47 	56.9 u
2008,25-30,M,Y65-74,CZ	53.7 	: 	59.2 	: 
2008,25-30,M,Y65-74,DE	52.2 	: c	56.2 	54.1 
2008,25-30,M,Y65-74,EE	42.3 	41.4 	44.8 	26.3 u
2008,25-30,M,Y65-74,EL	52.8 	53.1 	51.4 u	52.6 
2008,25-30,M,Y65-74,ES	51.7 	51.7 	49 	53.6 
2008,25-30,M,Y65-74,FR	47 	45.2 	52.7 	41.9 
2008,25-30,M,Y65-74,HU	39.9 	39.5 	41 	37.8 u
2008,25-30,M,Y65-74,LV	51.2 	50.8 	51.6 	51.5 u
2008,25-30,M,Y65-74,MT	46.7 u	47.4 u	43.9 u	50 u
2008,25-30,M,Y65-74,PL	50.3 	50.4 	50.2 	50.6 
2008,25-30,M,Y65-74,RO	54.4 	53.2 	55.7 	55.1 
2008,25-30,M,Y65-74,SI	52.5 	45.1 u	52.8 	: 
2008,25-30,M,Y65-74,SK	46.6 	37.9 u	48.3 	47.1 u
2008,25-30,M,Y65-74,TR	45.2 	46.1 	47.5 u	32.7 u
2008,25-30,M,Y75-84,AT	53.1 	58.6 	45.7 	58.7 
2008,25-30,M,Y75-84,BE	48.8 	45.2 	53.7 	54 
2008,25-30,M,Y75-84,BG	46.6 	45.4 	51.7 u	42.6 u
2008,25-30,M,Y75-84,CY	40.8 	42.4 	30.3 u	: 
2008,25-30,M,Y75-84,CZ	62.8 	: 	63.5 u	: 
2008,25-30,M,Y75-84,DE	50.9 	: c	51.5 	46.7 
2008,25-30,M,Y75-84,EE	43.5 	41.9 	45.8 	44.3 u
2008,25-30,M,Y75-84,EL	52.4 	50.3 	53 u	66.4 u
2008,25-30,M,Y75-84,ES	53 	52.6 	49.3 u	58.1 
2008,25-30,M,Y75-84,FR	45.7 	46.7 	49.4 	33.1 
2008,25-30,M,Y75-84,HU	40.8 	32.4 u	47.4 	42.4 u
2008,25-30,M,Y75-84,LV	54.5 	46.7 	64.1 u	: 
2008,25-30,M,Y75-84,MT	46.3 u	48.7 u	45 u	: 
2008,25-30,M,Y75-84,PL	50.3 	50.9 	55.6 	36.4 
2008,25-30,M,Y75-84,RO	48.1 	48 	44.9 	57.6 u
2008,25-30,M,Y75-84,SI	55.3 	: 	59.7 u	: 
2008,25-30,M,Y75-84,SK	48.2 	52.3 u	47.3 u	: 
2008,25-30,M,Y75-84,TR	40.8 u	40.5 u	: 	: 
2008,25-30,M,Y_GE85,AT	41 	50.8 u	30.9 u	: 
2008,25-30,M,Y_GE85,BE	34.9 	37.3 	30.6 	33 
2008,25-30,M,Y_GE85,BG	34.3 u	37.4 u	: 	: 
2008,25-30,M,Y_GE85,CY	29.3 u	32.6 u	: 	: 
2008,25-30,M,Y_GE85,DE	: c	: c	: c	: c
2008,25-30,M,Y_GE85,EL	49.5 	54.4 u	: 	: 
2008,25-30,M,Y_GE85,ES	43.8 	43.5 	: 	: 
2008,25-30,M,Y_GE85,FR	36.9 	40.8 	31.9 	22.7 u
2008,25-30,M,Y_GE85,HU	33.7 u	: 	: 	: 
2008,25-30,M,Y_GE85,PL	44.8 	40.4 	55.1 u	: 
2008,25-30,M,Y_GE85,RO	37.7 	41.3 u	: 	: 
2008,25-30,M,Y_GE85,TR	42.2 u	41.3 u	: 	: 
2008,25-30,T,TOTAL,AT	36.5 	41.4 	35 	35 
2008,25-30,T,TOTAL,BE	33.5 	37.1 	33.3 	30.4 
2008,25-30,T,TOTAL,BG	39.3 	41.3 	39.4 	35.5 
2008,25-30,T,TOTAL,CY	35.7 	40.1 	34 	32.5 
2008,25-30,T,TOTAL,CZ	38.3 	29.3 	40.2 	35.1 
2008,25-30,T,TOTAL,DE	36.3 	32.9 	37 	37.8 
2008,25-30,T,TOTAL,EE	32.5 	33.7 	32.8 	27.1 
2008,25-30,T,TOTAL,EL	38.7 	43.5 	33.8 	37.9 
2008,25-30,T,TOTAL,ES	37.3 	40 	35.6 	33.1 
2008,25-30,T,TOTAL,FR	31.4 	35.2 	32.2 	24.9 
2008,25-30,T,TOTAL,HU	34.9 	32.5 	37.4 	31 
2008,25-30,T,TOTAL,LV	38 	39.1 	38.6 	35.1 
2008,25-30,T,TOTAL,MT	36.8 u	41.3 u	35 	34.6 
2008,25-30,T,TOTAL,PL	37.6 	37.9 	38.7 	33.4 
2008,25-30,T,TOTAL,RO	42.4 	41.9 	42.8 	41.4 
2008,25-30,T,TOTAL,SI	39.8 	41.9 	40.4 	35.3 
2008,25-30,T,TOTAL,SK	35.6 	34.8 	36.5 	33 
2008,25-30,T,TOTAL,TR	34.4 	35.8 	28.3 	36.6 
2008,25-30,T,Y18-24,AT	15.9 	17.7 	15.3 	15.9 
2008,25-30,T,Y18-24,BE	13.4 	18 	13.6 	10.1 
2008,25-30,T,Y18-24,BG	15.4 	12.8 	16.5 	14.8 u
2008,25-30,T,Y18-24,CY	17.7 	27.4 	15.9 	17.1 
2008,25-30,T,Y18-24,CZ	20.2 	7.1 u	24.1 	: 
2008,25-30,T,Y18-24,DE	16.5 	15 	18 	: c
2008,25-30,T,Y18-24,EE	16 	14.9 	16.2 	17.7 
2008,25-30,T,Y18-24,EL	17.7 	16.5 	17.3 	20.5 
2008,25-30,T,Y18-24,ES	17.8 	17.6 	17.4 	18.9 
2008,25-30,T,Y18-24,FR	14.1 	12.4 	15.7 	11.5 
2008,25-30,T,Y18-24,HU	15.5 	14.9 	15.9 	13.5 u
2008,25-30,T,Y18-24,LV	15.8 	15 	17.6 	8.7 
2008,25-30,T,Y18-24,MT	25.4 	: 	25.7 	26.4 
2008,25-30,T,Y18-24,PL	18.4 	14.5 	20 	15.9 
2008,25-30,T,Y18-24,RO	17.1 	14.5 	18.1 	19.6 
2008,25-30,T,Y18-24,SI	23.3 	14.7 u	25.8 	: 
2008,25-30,T,Y18-24,SK	16.2 	13.9 	17.8 	11.1 
2008,25-30,T,Y18-24,TR	14.7 	16.2 	11.8 	21.9 
2008,25-30,T,Y25-34,AT	26.2 	37.2 	25 	23.4 
2008,25-30,T,Y25-34,BE	28.2 	29.2 	32.6 	24.9 
2008,25-30,T,Y25-34,BG	30 	36.9 	31 	21.6 
2008,25-30,T,Y25-34,CY	27.7 	36 	29.3 	23.5 
2008,25-30,T,Y25-34,CZ	33.3 	28.6 u	34.3 	31.4 
2008,25-30,T,Y25-34,DE	28.9 	: c	30.3 	26 
2008,25-30,T,Y25-34,EE	25.7 	34.9 	25.1 	19.2 
2008,25-30,T,Y25-34,EL	29.7 	32.4 	31.1 	25.9 
2008,25-30,T,Y25-34,ES	30.7 	32 	34.6 	26.7 
2008,25-30,T,Y25-34,FR	24.6 	21.5 	28 	22.4 
2008,25-30,T,Y25-34,HU	26.3 	22.7 	29.8 	20.6 
2008,25-30,T,Y25-34,LV	33.7 	39.9 	34.8 	27.5 
2008,25-30,T,Y25-34,MT	29.5 	45 u	29.6 	27 
2008,25-30,T,Y25-34,PL	31.4 	31.5 	35.1 	25.6 
2008,25-30,T,Y25-34,RO	34.9 	38.2 	35.4 	30.4 
2008,25-30,T,Y25-34,SI	31.1 	45.2 u	33.1 	21.4 
2008,25-30,T,Y25-34,SK	27.7 	: 	29.3 	23.1 
2008,25-30,T,Y25-34,TR	30.6 	30.4 	33.1 	26.9 
2008,25-30,T,Y35-44,AT	35.7 	41.7 	35.6 	32.9 
2008,25-30,T,Y35-44,BE	30.6 	33.3 	33.2 	27.2 
2008,25-30,T,Y35-44,BG	37.7 	40.5 	40.1 	28.5 
2008,25-30,T,Y35-44,CY	35.4 	33.4 	35.7 	36.3 
2008,25-30,T,Y35-44,CZ	32.1 	: 	32.5 	31.6 u
2008,25-30,T,Y35-44,DE	36.1 	39.2 	36 	35 
2008,25-30,T,Y35-44,EE	34.6 	36.7 	35.5 	26.6 
2008,25-30,T,Y35-44,EL	36.9 	44.2 	35.9 	32.4 
2008,25-30,T,Y35-44,ES	36.5 	39 	37.6 	32.3 
2008,25-30,T,Y35-44,FR	29.6 	34.1 	31.4 	24.4 
2008,25-30,T,Y35-44,HU	36.8 	34.7 	39.7 	30.9 
2008,25-30,T,Y35-44,LV	42.5 	44.2 	43.6 	39.4 
2008,25-30,T,Y35-44,MT	37.8 	53.9 u	36.4 u	38.3 
2008,25-30,T,Y35-44,PL	39.2 	40.7 	41.2 	32.7 
2008,25-30,T,Y35-44,RO	44.9 	43.3 	45.9 	40.5 
2008,25-30,T,Y35-44,SI	41.1 	39.5 u	44.9 	33.1 
2008,25-30,T,Y35-44,SK	35.2 	: 	35.9 	33.5 
2008,25-30,T,Y35-44,TR	42.1 	41.4 	39.8 	50 
2008,25-30,T,Y45-54,AT	42 	44 	44 	36.9 
2008,25-30,T,Y45-54,BE	35.7 	38 	34.3 	34.6 
2008,25-30,T,Y45-54,BG	47.1 	49.1 	47.9 	42.9 
2008,25-30,T,Y45-54,CY	40.4 	38.4 	41.1 	41.5 
2008,25-30,T,Y45-54,CZ	46.5 	36.3 u	48.7 	30 u
2008,25-30,T,Y45-54,DE	38 	37.6 	37.2 	40.1 
2008,25-30,T,Y45-54,EE	37 	35.6 	37.6 	34.6 
2008,25-30,T,Y45-54,EL	43.5 	43 	37.2 	50.5 
2008,25-30,T,Y45-54,ES	41.1 	42.4 	41.9 	37.9 
2008,25-30,T,Y45-54,FR	35.2 	36.7 	36 	31.6 
2008,25-30,T,Y45-54,HU	37.6 	27.9 	40.2 	37.1 
2008,25-30,T,Y45-54,LV	42.4 	48.5 	40.3 	43.3 
2008,25-30,T,Y45-54,MT	43.4 u	48.7 u	41.2 	40.7 
2008,25-30,T,Y45-54,PL	42.7 	40.5 	43.1 	42.3 
2008,25-30,T,Y45-54,RO	52.2 	49 	52.3 	58.1 
2008,25-30,T,Y45-54,SI	45.4 	45.4 	46.8 	40.8 
2008,25-30,T,Y45-54,SK	43.7 	36.4 u	43.1 	48.4 
2008,25-30,T,Y45-54,TR	43.6 	42.9 	43.4 	48.8 
2008,25-30,T,Y55-64,AT	44.4 	43.1 	44.4 	45.6 
2008,25-30,T,Y55-64,BE	40.6 	41.5 	36.9 	42.8 
2008,25-30,T,Y55-64,BG	49.1 	49 	50.4 	45.2 
2008,25-30,T,Y55-64,CY	46.6 	45.1 	50.2 	44.9 
2008,25-30,T,Y55-64,CZ	47.4 	38.9 	49 	46.7 u
2008,25-30,T,Y55-64,DE	42.2 	38.9 	42.8 	42.9 
2008,25-30,T,Y55-64,EE	37.5 	28.3 	40.7 	36.7 
2008,25-30,T,Y55-64,EL	47.9 	46.9 	49.7 	48.5 
2008,25-30,T,Y55-64,ES	45.1 	45.3 	45.1 	44.5 
2008,25-30,T,Y55-64,FR	40.2 	41 	44 	30.8 
2008,25-30,T,Y55-64,HU	43.8 	32.1 	48.2 	44.6 
2008,25-30,T,Y55-64,LV	44.1 	43.9 	46.2 	38.3 
2008,25-30,T,Y55-64,MT	40.9 u	39 u	42.2 	46.8 
2008,25-30,T,Y55-64,PL	43.6 	37.8 	44.7 	48 
2008,25-30,T,Y55-64,RO	52.7 	49.8 	54.6 	54.2 
2008,25-30,T,Y55-64,SI	43.0 	45.1 	42.5 	40.4 u
2008,25-30,T,Y55-64,SK	45.8 	37.8 	46.8 	46.3 
2008,25-30,T,Y55-64,TR	42.2 	42 u	43.6 	43.2 
2008,25-30,T,Y65-74,AT	48.6 	47.4 	50.4 	46.7 
2008,25-30,T,Y65-74,BE	43.5 	40.8 	45.8 	49.6 
2008,25-30,T,Y65-74,BG	49.3 	49.3 	47.5 	54.1 
2008,25-30,T,Y65-74,CY	46.3 	45.8 	44.3 	54.1 
2008,25-30,T,Y65-74,CZ	44.7 	30.4 	48.6 	: 
2008,25-30,T,Y65-74,DE	45 	35.8 	48.7 	48.4 
2008,25-30,T,Y65-74,EE	39.6 	43.1 	38 	31.5 
2008,25-30,T,Y65-74,EL	48 	46 	54 	53.4 
2008,25-30,T,Y65-74,ES	47.1 	47.5 	43.5 	48.4 
2008,25-30,T,Y65-74,FR	39.3 	39 	43.5 	30.8 
2008,25-30,T,Y65-74,HU	43.6 	44.2 	46 	35.5 
2008,25-30,T,Y65-74,LV	45.7 	43.7 	49 	42.6 
2008,25-30,T,Y65-74,MT	41 u	41.2 u	37.3 	50 u
2008,25-30,T,Y65-74,PL	46.1 	46.6 	45.5 	46.6 
2008,25-30,T,Y65-74,RO	50.2 	49.8 	50.3 	54.1 
2008,25-30,T,Y65-74,SI	49.4 	53.4 	46.6 	47.6 u
2008,25-30,T,Y65-74,SK	44 	37.7 	45.4 	50.8 
2008,25-30,T,Y65-74,TR	42.7 u	43 u	42.6 u	34.5 u
2008,25-30,T,Y75-84,AT	47 	49.6 	42.8 	48.3 
2008,25-30,T,Y75-84,BE	40.6 	40 	42.7 	42.3 
2008,25-30,T,Y75-84,BG	44.2 	40.7 	50.4 	48.9 u
2008,25-30,T,Y75-84,CY	37 	38 	25.5 	54.6 u
2008,25-30,T,Y75-84,CZ	52.6 	47.3 	59.3 	: 
2008,25-30,T,Y75-84,DE	44.2 	43.8 	45.6 	41.6 
2008,25-30,T,Y75-84,EE	40.8 	41 	40.3 	41.4 
2008,25-30,T,Y75-84,EL	47.6 	46.6 	44.9 	64.1 
2008,25-30,T,Y75-84,ES	46.6 	46.1 	43 	56.7 
2008,25-30,T,Y75-84,FR	37.9 	38.6 	38.7 	28.9 
2008,25-30,T,Y75-84,HU	40.3 	38.3 	45.2 	39.4 u
2008,25-30,T,Y75-84,LV	44.9 	46 	46.4 	37.2 
2008,25-30,T,Y75-84,MT	36.8 u	37.6 u	32.4 u	: 
2008,25-30,T,Y75-84,PL	45.2 	45.2 	47.6 	36.8 
2008,25-30,T,Y75-84,RO	38.5 	37.4 	40.9 	46.2 
2008,25-30,T,Y75-84,SI	49.8 	40.6 	55.1 u	: 
2008,25-30,T,Y75-84,SK	48.5 	52.7 	45.8 	: 
2008,25-30,T,Y75-84,TR	35.6 u	35.7 u	: 	: 
2008,25-30,T,Y_GE85,AT	32.9 	34.2 	26.1 	39.4 u
2008,25-30,T,Y_GE85,BE	32 	33.6 	28.1 	28.2 
2008,25-30,T,Y_GE85,BG	26.3 	31.8 	: 	: 
2008,25-30,T,Y_GE85,CY	29.1 	31.1 	: 	: 
2008,25-30,T,Y_GE85,CZ	46.2 u	: 	: 	: 
2008,25-30,T,Y_GE85,DE	31.2 	: c	: c	: c
2008,25-30,T,Y_GE85,EE	23.5 u	: 	: 	: 
2008,25-30,T,Y_GE85,EL	45.8 	49.4 	: 	: 
2008,25-30,T,Y_GE85,ES	38.5 u	39.2 u	44.4 u	27.1 u
2008,25-30,T,Y_GE85,FR	29 	30.9 	23.6 	19.2 
2008,25-30,T,Y_GE85,HU	30.7 	25.7 	: 	: 
2008,25-30,T,Y_GE85,LV	38.6 	29.8 u	: 	: 
2008,25-30,T,Y_GE85,PL	38.8 	38.8 	40.1 	33.7 u
2008,25-30,T,Y_GE85,RO	32 u	32.2 u	22.8 u	: 
2008,25-30,T,Y_GE85,SK	45.6 u	27.6 u	: 	: 
2008,25-30,T,Y_GE85,TR	41.6 u	44.2 u	: 	: 
2008,GE30,F,TOTAL,AT	13.2 	20.9 	10.4 	8.3 
2008,GE30,F,TOTAL,BE	14.7 	21.2 	14.6 	7.7 
2008,GE30,F,TOTAL,BG	11.3 	14 	11.5 	6.9 
2008,GE30,F,TOTAL,CY	14.5 	23.6 	10.8 	7.1 
2008,GE30,F,TOTAL,CZ	18.3 	28 	16.9 	12.5 
2008,GE30,F,TOTAL,DE	15.6 	21.9 	14.7 	8.8 
2008,GE30,F,TOTAL,EE	20.5 	27.4 	19.9 	11.2 
2008,GE30,F,TOTAL,EL	17.6 	25.2 	13.5 	8.4 
2008,GE30,F,TOTAL,ES	14.4 	21.1 	8.3 	6 
2008,GE30,F,TOTAL,FR	12.7 	18.7 	11.3 	5.5 
2008,GE30,F,TOTAL,HU	18.8 	26.9 	16.1 	13.5 
2008,GE30,F,TOTAL,LV	20.9 	24.1 	22 	15.9 
2008,GE30,F,TOTAL,MT	21.1 u	30.5 u	18.1 	11.7 
2008,GE30,F,TOTAL,PL	15.8 	24.8 	15.4 	7.2 
2008,GE30,F,TOTAL,RO	8 	9 	7.9 	5 
2008,GE30,F,TOTAL,SI	16.3 	25.9 	14.3 	7.2 
2008,GE30,F,TOTAL,SK	15.7 	28.2 	15 	8.8 
2008,GE30,F,TOTAL,TR	19.8 u	24.2 u	6.6 	7.1 
2008,GE30,F,Y18-24,AT	4.7 	8.1 	3.3 	5.7 
2008,GE30,F,Y18-24,BE	5.4 	4.4 	6.7 	4.8 
2008,GE30,F,Y18-24,BG	1 	1.3 	0.9 	: 
2008,GE30,F,Y18-24,CY	1.7 	2.2 u	2.4 	: 
2008,GE30,F,Y18-24,CZ	4.8 	6 u	5.3 	: 
2008,GE30,F,Y18-24,DE	: c	: c	: c	: c
2008,GE30,F,Y18-24,EE	3.7 	5.4 	3.2 	3.4 u
2008,GE30,F,Y18-24,EL	3.2 	: 	4.7 	0.6 u
2008,GE30,F,Y18-24,ES	3.9 	6 	2.6 	2.7 
2008,GE30,F,Y18-24,FR	4.3 	9.8 	3.5 	2 
2008,GE30,F,Y18-24,HU	3 	2.3 	3.8 	: 
2008,GE30,F,Y18-24,LV	1.7 	1.8 	1.7 	1.6 
2008,GE30,F,Y18-24,MT	10.7 	: 	9.7 	10 
2008,GE30,F,Y18-24,PL	2.1 	0.7 	2.4 	2.1 
2008,GE30,F,Y18-24,RO	1.6 	1.1 	2 	: 
2008,GE30,F,Y18-24,SI	4.0 	8.0 u	3.2 	: 
2008,GE30,F,Y18-24,SK	1.3 	2.2 	0.9 	1.9 
2008,GE30,F,Y18-24,TR	3.5 	5.2 u	0.8 	1.7 
2008,GE30,F,Y25-34,AT	7.6 	15.4 	6.8 	4.8 
2008,GE30,F,Y25-34,BE	9.1 	17 	9.4 	5.8 
2008,GE30,F,Y25-34,BG	4.9 	1.8 	6.5 	4.7 
2008,GE30,F,Y25-34,CY	7.1 	16.3 	6.5 	5.4 
2008,GE30,F,Y25-34,CZ	5.8 	: 	3.6 	9.2 u
2008,GE30,F,Y25-34,DE	12.2 	: c	12.9 	: c
2008,GE30,F,Y25-34,EE	8 	12.8 	7.7 	5.9 
2008,GE30,F,Y25-34,EL	5.8 	9.4 	7 	2.4 
2008,GE30,F,Y25-34,ES	7.1 	13.4 	6.7 	3 
2008,GE30,F,Y25-34,FR	9.4 	17.3 	12.3 	4.8 
2008,GE30,F,Y25-34,HU	8.3 	15.1 u	9.5 	4.3 
2008,GE30,F,Y25-34,LV	4.5 	3.7 	6.9 	2.1 
2008,GE30,F,Y25-34,MT	15.2 	: 	19.4 	6 
2008,GE30,F,Y25-34,PL	5.3 	11.5 	6.4 	3.2 
2008,GE30,F,Y25-34,RO	2.5 	0.7 	3.4 	1.2 
2008,GE30,F,Y25-34,SI	6.6 	: 	7.2 	2.9 
2008,GE30,F,Y25-34,SK	4.3 	: 	4.8 	2.6 
2008,GE30,F,Y25-34,TR	10.4 	13.6 u	5.1 	3.4 
2008,GE30,F,Y35-44,AT	9.7 	16.2 	9.5 	5.6 
2008,GE30,F,Y35-44,BE	13.7 	22.2 	18.8 	7.6 
2008,GE30,F,Y35-44,BG	8.4 	12.8 	8.6 	6.1 
2008,GE30,F,Y35-44,CY	11.5 	17.3 	11.6 	7.4 
2008,GE30,F,Y35-44,CZ	15.7 	: 	16.5 	: 
2008,GE30,F,Y35-44,DE	11.8 	: c	11.3 	6.4 
2008,GE30,F,Y35-44,EE	12.2 	21.2 u	11.7 	10.6 
2008,GE30,F,Y35-44,EL	12.3 	12.9 	14.1 	8.8 
2008,GE30,F,Y35-44,ES	11.3 	17.1 	10.7 	6.1 
2008,GE30,F,Y35-44,FR	11.4 	20 	11.4 	6.5 
2008,GE30,F,Y35-44,HU	17.7 	16.9 	19.5 	15 
2008,GE30,F,Y35-44,LV	14.7 	9.5 u	17.1 	12.7 
2008,GE30,F,Y35-44,MT	16 u	: 	17.7 u	13.2 u
2008,GE30,F,Y35-44,PL	10.1 	19.3 	10.6 	6.4 
2008,GE30,F,Y35-44,RO	5.9 	5.5 	5.9 	5.9 
2008,GE30,F,Y35-44,SI	13.4 	18.5 u	15.1 	8.7 
2008,GE30,F,Y35-44,SK	11.9 	: 	13.5 	6.9 
2008,GE30,F,Y35-44,TR	24.4 	27.8 u	13.2 	8.7 
2008,GE30,F,Y45-54,AT	14.2 	24.7 	10.9 	8.5 
2008,GE30,F,Y45-54,BE	13.9 	23.1 	12.3 	5.5 
2008,GE30,F,Y45-54,BG	10.6 	15.3 	11.2 	5.7 
2008,GE30,F,Y45-54,CY	17.2 	22.4 	14.2 	15.1 
2008,GE30,F,Y45-54,CZ	20.2 	: 	22.2 	: 
2008,GE30,F,Y45-54,DE	15.7 	: c	16.5 	8.4 
2008,GE30,F,Y45-54,EE	24.4 	33.1 	24.3 	16.3 
2008,GE30,F,Y45-54,EL	22.8 	27.8 	21.1 	16.7 
2008,GE30,F,Y45-54,ES	14.6 	19.8 	11.3 	7.5 
2008,GE30,F,Y45-54,FR	12.7 	20.2 	11.2 	4.6 
2008,GE30,F,Y45-54,HU	23.2 	36 	20.6 	17.2 
2008,GE30,F,Y45-54,LV	26.9 	23.3 	30.9 	20.4 
2008,GE30,F,Y45-54,MT	21.2 u	28.7 u	18 u	16.7 u
2008,GE30,F,Y45-54,PL	17.9 	22.5 	19.4 	9.3 
2008,GE30,F,Y45-54,RO	13.3 	15.1 	13.4 	7.2 
2008,GE30,F,Y45-54,SI	19.5 	43.6 	12.9 	8.9 u
2008,GE30,F,Y45-54,SK	17 	44.1 u	15.5 	11.7 
2008,GE30,F,Y45-54,TR	34.2 u	38.2 u	16.9 	13.4 
2008,GE30,F,Y55-64,AT	22.6 	31.9 	18.5 	14.5 
2008,GE30,F,Y55-64,BE	21.1 	23.8 	22.5 	14 
2008,GE30,F,Y55-64,BG	18.4 	19.8 	19.7 	12.7 
2008,GE30,F,Y55-64,CY	22.8 	27.7 	18.7 	4 
2008,GE30,F,Y55-64,CZ	29.3 	40.3 u	24.9 	: 
2008,GE30,F,Y55-64,DE	21.5 	: c	21.5 	13.5 
2008,GE30,F,Y55-64,EE	37.7 	51.4 	36 	20.6 u
2008,GE30,F,Y55-64,EL	26.6 	28.4 	28.4 	15.4 
2008,GE30,F,Y55-64,ES	20.2 	24.9 	8.1 	13.2 
2008,GE30,F,Y55-64,FR	17.8 	20.5 	18.4 	9.6 
2008,GE30,F,Y55-64,HU	27.5 	37.3 	22.5 	27.3 
2008,GE30,F,Y55-64,LV	35.9 	28.2 	37.6 	38 
2008,GE30,F,Y55-64,MT	28.7 u	30.7 u	25.6 	26.3 u
2008,GE30,F,Y55-64,PL	28.4 	39.6 	27 	14.9 
2008,GE30,F,Y55-64,RO	14.1 	13.2 	16.1 	9.8 
2008,GE30,F,Y55-64,SI	28.0 	34.4 	26.6 	15.4 u
2008,GE30,F,Y55-64,SK	30.7 	44.9 u	30.7 	19.9 
2008,GE30,F,Y55-64,TR	35.4 u	37.9 u	15.3 u	15.2 u
2008,GE30,F,Y65-74,AT	19.6 	25.6 	12.9 	15.3 
2008,GE30,F,Y65-74,BE	21.5 	25.7 	15.2 	17.2 
2008,GE30,F,Y65-74,BG	18.9 	18.4 	22.3 	9.9 
2008,GE30,F,Y65-74,CY	26.6 	28.6 	19.4 	: 
2008,GE30,F,Y65-74,CZ	35.9 	36.5 u	36.2 	: 
2008,GE30,F,Y65-74,DE	21.7 	28.4 	17.8 	13.5 
2008,GE30,F,Y65-74,EE	33.8 	34.2 	36 	15.1 u
2008,GE30,F,Y65-74,EL	32.4 	36.2 	20.9 	10.8 u
2008,GE30,F,Y65-74,ES	26.8 	28.8 	12.9 	20.3 
2008,GE30,F,Y65-74,FR	17.8 	20.7 	13.3 	8.6 
2008,GE30,F,Y65-74,HU	26 	31.8 	19.6 	17.6 u
2008,GE30,F,Y65-74,LV	35.3 	42.7 	30.4 	27.6 
2008,GE30,F,Y65-74,MT	31.9 u	34.9 u	23.1 u	: 
2008,GE30,F,Y65-74,PL	27.6 	29.4 	27.7 	19 
2008,GE30,F,Y65-74,RO	10.8 	11 	10.1 	12.9 u
2008,GE30,F,Y65-74,SI	24.2 	23.8 	27.7 u	: 
2008,GE30,F,Y65-74,SK	33.7 	41.1 	30.8 	21.5 u
2008,GE30,F,Y65-74,TR	33.4 u	33.8 u	: 	: 
2008,GE30,F,Y75-84,AT	17.8 	17.2 	17.6 	24.1 u
2008,GE30,F,Y75-84,BE	19.6 	21 	18.4 	11.7 u
2008,GE30,F,Y75-84,BG	16.9 	18.5 	14.4 	: 
2008,GE30,F,Y75-84,CY	22.9 	23.5 	19.4 u	: 
2008,GE30,F,Y75-84,CZ	22.9 	35.1 u	16.1 	: 
2008,GE30,F,Y75-84,DE	21.4 	: c	19.7 	: c
2008,GE30,F,Y75-84,EE	23.8 	23.3 	25 	: 
2008,GE30,F,Y75-84,EL	21.9 	23.1 	15.2 u	12.1 u
2008,GE30,F,Y75-84,ES	25.5 u	26.8 u	13.6 	11.8 u
2008,GE30,F,Y75-84,FR	16.5 	17.9 	12.2 	4.4 
2008,GE30,F,Y75-84,HU	24.5 	27.5 	14.1 	: 
2008,GE30,F,Y75-84,LV	29.2 	27.2 	30.2 	34.4 u
2008,GE30,F,Y75-84,MT	29.9 u	32.3 u	21.4 u	: 
2008,GE30,F,Y75-84,PL	22.5 	23.8 	21.8 	11 
2008,GE30,F,Y75-84,RO	8.5 	8.2 	9.1 	13.2 u
2008,GE30,F,Y75-84,SI	17.8 	18.2 	: 	: 
2008,GE30,F,Y75-84,SK	23.6 	23.1 	22.1 	: 
2008,GE30,F,Y75-84,TR	20.2 u	19.2 u	: 	: 
2008,GE30,F,Y_GE85,AT	8.9 	9.7 	10.7 u	: 
2008,GE30,F,Y_GE85,BE	7.8 	6.7 	8.9 	14 
2008,GE30,F,Y_GE85,BG	3.8 u	: 	: 	: 
2008,GE30,F,Y_GE85,CY	19 u	19.7 u	: 	: 
2008,GE30,F,Y_GE85,CZ	30 u	: 	: 	: 
2008,GE30,F,Y_GE85,DE	: c	: c	: c	: c
2008,GE30,F,Y_GE85,EL	10.6 	8.4 	: 	: 
2008,GE30,F,Y_GE85,ES	21.2 u	23 u	: 	: 
2008,GE30,F,Y_GE85,FR	9.9 	11.5 	2.9 	0.9 u
2008,GE30,F,Y_GE85,HU	10 	14.4 u	: 	: 
2008,GE30,F,Y_GE85,LV	20.1 	25 u	: 	: 
2008,GE30,F,Y_GE85,PL	17 	19.1 	6.8 	: 
2008,GE30,F,Y_GE85,RO	2.1 u	2.6 u	: 	: 
2008,GE30,F,Y_GE85,SK	18.7 u	19.1 u	: 	: 
2008,GE30,F,Y_GE85,TR	8.2 u	6.2 u	: 	: 
2008,GE30,M,TOTAL,AT	12.4 	13.6 	12.1 	12.2 
2008,GE30,M,TOTAL,BE	13.3 	16.9 	13.4 	9.6 
2008,GE30,M,TOTAL,BG	11.6 	10.4 	11.7 	13.7 
2008,GE30,M,TOTAL,CY	16.7 	20.6 	14.8 	14.6 
2008,GE30,M,TOTAL,CZ	18.4 	17.9 	19.9 	10.4 
2008,GE30,M,TOTAL,DE	16.1 	16.4 	17.4 	13.1 
2008,GE30,M,TOTAL,EE	16 	14.7 	16.2 	18.5 
2008,GE30,M,TOTAL,EL	17.6 	20.2 	17.6 	13.9 
2008,GE30,M,TOTAL,ES	17 	21.1 	12.8 	12.8 
2008,GE30,M,TOTAL,FR	11.7 	16.4 	10.7 	7.5 
2008,GE30,M,TOTAL,HU	21.4 	23.9 	21.8 	17.1 
2008,GE30,M,TOTAL,LV	12 	12.8 	11.5 	12.7 
2008,GE30,M,TOTAL,MT	24.7 	30.5 u	22.5 	22.8 
2008,GE30,M,TOTAL,PL	17.3 	16 	18.1 	15 
2008,GE30,M,TOTAL,RO	7.6 	5.6 	8.5 	7.3 
2008,GE30,M,TOTAL,SI	17.3 	20.2 	18.9 	7.5 
2008,GE30,M,TOTAL,SK	14.5 	14.6 	15.5 	10.5 
2008,GE30,M,TOTAL,TR	13 	14 	11 	11.6 
2008,GE30,M,Y18-24,AT	5 	6.3 	5.1 	0.5 
2008,GE30,M,Y18-24,BE	3.3 	3.9 	3.5 	2.5 
2008,GE30,M,Y18-24,BG	1.3 	1.1 	1.4 	: 
2008,GE30,M,Y18-24,CY	5.8 	6.9 	5 	9.6 u
2008,GE30,M,Y18-24,CZ	4.9 	4 u	4.6 	: 
2008,GE30,M,Y18-24,DE	4.6 	: c	: c	: c
2008,GE30,M,Y18-24,EE	3.8 	0.7 	6.1 	: 
2008,GE30,M,Y18-24,EL	3.7 	7.2 u	2.7 	: 
2008,GE30,M,Y18-24,ES	5.8 	7.2 	4 	5.2 
2008,GE30,M,Y18-24,FR	2.8 	2.5 	1.9 	5.8 
2008,GE30,M,Y18-24,HU	7.2 	9.2 	6.4 	: 
2008,GE30,M,Y18-24,LV	2.3 	2.1 	2.1 	5.7 u
2008,GE30,M,Y18-24,MT	7.8 	: 	7.4 	8.1 u
2008,GE30,M,Y18-24,PL	4.1 	3.2 	4.7 	2.5 
2008,GE30,M,Y18-24,RO	1.8 	0.7 	2.3 	: 
2008,GE30,M,Y18-24,SI	3.6 	5.0 u	3.3 	: 
2008,GE30,M,Y18-24,SK	3.5 	3.5 	3.5 	3.8 u
2008,GE30,M,Y18-24,TR	2.1 	1.6 	2.9 	: 
2008,GE30,M,Y25-34,AT	7.2 	10.3 	7.8 	4.5 
2008,GE30,M,Y25-34,BE	7.8 	12.5 	9.1 	4.9 
2008,GE30,M,Y25-34,BG	8.7 	12.1 	7.8 	7.6 
2008,GE30,M,Y25-34,CY	10.3 	7.7 	10.5 	11.2 
2008,GE30,M,Y25-34,CZ	8.7 	: 	9.5 	7.3 u
2008,GE30,M,Y25-34,DE	9.7 	: c	11.5 	: c
2008,GE30,M,Y25-34,EE	12.6 	10.7 	12.2 	18.2 u
2008,GE30,M,Y25-34,EL	12.7 	8.6 	18 	6.8 
2008,GE30,M,Y25-34,ES	12 	14 	10.5 	11.1 
2008,GE30,M,Y25-34,FR	6.8 	9.5 	8.1 	4.4 
2008,GE30,M,Y25-34,HU	13.7 	22.7 	15.3 	4.4 
2008,GE30,M,Y25-34,LV	7.2 	8.8 	7.6 	4.3 
2008,GE30,M,Y25-34,MT	26.9 	: 	32.6 	13.6 
2008,GE30,M,Y25-34,PL	11.5 	10.5 	11.9 	10.9 
2008,GE30,M,Y25-34,RO	4.4 	5.6 	4.3 	3.7 
2008,GE30,M,Y25-34,SI	12.1 	: 	14.7 	: 
2008,GE30,M,Y25-34,SK	8.9 	: 	9.9 	6.2 
2008,GE30,M,Y25-34,TR	7.6 	7.9 	7.5 	6.6 
2008,GE30,M,Y35-44,AT	11.4 	13.7 	10.6 	12.3 
2008,GE30,M,Y35-44,BE	14.5 	17.8 	16.3 	10.2 
2008,GE30,M,Y35-44,BG	15.7 	12.7 	16.8 	14.4 
2008,GE30,M,Y35-44,CY	16.4 	21 	16.2 	13.6 
2008,GE30,M,Y35-44,CZ	23.7 	: 	23.1 	: 
2008,GE30,M,Y35-44,DE	16.9 	: c	20.3 	11.1 
2008,GE30,M,Y35-44,EE	18.8 	26.5 	17.6 	17.3 u
2008,GE30,M,Y35-44,EL	18.2 	20 	20.1 	13.8 
2008,GE30,M,Y35-44,ES	17.3 	21.3 	14.4 	14.4 
2008,GE30,M,Y35-44,FR	10 	13.1 	11.2 	5.8 
2008,GE30,M,Y35-44,HU	17.4 	13.8 	18.3 	16 
2008,GE30,M,Y35-44,LV	13 	13.1 	13 	13 
2008,GE30,M,Y35-44,MT	23 	31.3 u	20.5 	25.6 u
2008,GE30,M,Y35-44,PL	17.7 	14.5 	18.5 	16 
2008,GE30,M,Y35-44,RO	8.2 	4.4 	8.7 	8.5 
2008,GE30,M,Y35-44,SI	16.8 	22.5 u	19.4 	3.7 u
2008,GE30,M,Y35-44,SK	17.3 	: 	17.7 	16.3 
2008,GE30,M,Y35-44,TR	16.7 	15.5 	22.5 	14.8 
2008,GE30,M,Y45-54,AT	14.6 	10.1 	15.2 	15.1 
2008,GE30,M,Y45-54,BE	15.6 	18.4 	16.4 	12.8 
2008,GE30,M,Y45-54,BG	12.9 	7.7 	13.4 	16.6 
2008,GE30,M,Y45-54,CY	20.5 	23.1 	19.7 	19 
2008,GE30,M,Y45-54,CZ	23.9 	: 	26.4 	: 
2008,GE30,M,Y45-54,DE	19.6 	: c	22.1 	13.3 
2008,GE30,M,Y45-54,EE	20.2 	10.6 	21.1 	32.3 u
2008,GE30,M,Y45-54,EL	18.8 	17.2 	23 	16.9 
2008,GE30,M,Y45-54,ES	19.6 	23.8 	15.9 	15.3 
2008,GE30,M,Y45-54,FR	14.5 	19 	14.3 	9.3 
2008,GE30,M,Y45-54,HU	31.6 	31.4 	31.6 	31.7 
2008,GE30,M,Y45-54,LV	14.4 	15.9 	14.6 	12.8 
2008,GE30,M,Y45-54,MT	27.6 	26.8 u	27.8 	28.6 u
2008,GE30,M,Y45-54,PL	23.4 	19.7 	24.2 	21.5 
2008,GE30,M,Y45-54,RO	10.7 	2.9 	12.1 	12 
2008,GE30,M,Y45-54,SI	22.7 	19.1 u	25.9 	14.2 u
2008,GE30,M,Y45-54,SK	16.5 	: 	18.1 	10.2 
2008,GE30,M,Y45-54,TR	20.8 	21.1 	23 	16 
2008,GE30,M,Y55-64,AT	20.1 	20.2 	21.8 	17.3 
2008,GE30,M,Y55-64,BE	22.3 	28.6 	23.5 	14 
2008,GE30,M,Y55-64,BG	16.9 	15.4 	17 	19 
2008,GE30,M,Y55-64,CY	23.8 	27.8 	18.8 	20.8 
2008,GE30,M,Y55-64,CZ	29.6 	: 	33.8 	6.5 u
2008,GE30,M,Y55-64,DE	23.1 	: c	24.2 	19.1 
2008,GE30,M,Y55-64,EE	23.1 	29.6 	21.1 	16.4 u
2008,GE30,M,Y55-64,EL	27.2 	29.2 	27.7 	22.9 
2008,GE30,M,Y55-64,ES	24.8 	29.3 	19.7 	16.4 
2008,GE30,M,Y55-64,FR	15.6 	19.1 	14.2 	11.9 
2008,GE30,M,Y55-64,HU	25.3 	27.4 	27.2 	16.3 
2008,GE30,M,Y55-64,LV	19.5 	18.5 	18.4 	24.9 
2008,GE30,M,Y55-64,MT	31.5 	35.1 u	26.3 	35.7 u
2008,GE30,M,Y55-64,PL	24 	24.3 	24.5 	20.9 
2008,GE30,M,Y55-64,RO	10.7 	8.6 	11.5 	11.3 
2008,GE30,M,Y55-64,SI	26.6 	28.5 u	27.3 	20.8 u
2008,GE30,M,Y55-64,SK	22.8 	18.5 u	24.8 	14.8 
2008,GE30,M,Y55-64,TR	20 	19.6 	20.1 	23 
2008,GE30,M,Y65-74,AT	19.1 	23.9 	16.6 	18.8 
2008,GE30,M,Y65-74,BE	11.3 	11.4 	11.8 	11 
2008,GE30,M,Y65-74,BG	14.9 	14.1 	16.3 	14 
2008,GE30,M,Y65-74,CY	22.8 	23.8 	23.2 	17.9 u
2008,GE30,M,Y65-74,CZ	25.3 	: 	25.4 	: 
2008,GE30,M,Y65-74,DE	18.2 	: c	16.2 	14.8 
2008,GE30,M,Y65-74,EE	20.4 	18.9 	20.6 	27.5 u
2008,GE30,M,Y65-74,EL	25.8 	27.2 	27.2 u	20.4 
2008,GE30,M,Y65-74,ES	23.9 	28.1 	17.5 	9.9 
2008,GE30,M,Y65-74,FR	19.4 	23 	14.7 	16 
2008,GE30,M,Y65-74,HU	33.9 	33.8 	33.4 	35.7 u
2008,GE30,M,Y65-74,LV	19.6 	20.3 	19.4 	17.9 u
2008,GE30,M,Y65-74,MT	31.1 u	34.2 u	24.4 u	33.3 u
2008,GE30,M,Y65-74,PL	24.6 	23.1 	26.4 	20.9 
2008,GE30,M,Y65-74,RO	10.5 	7 	14.1 	12.2 
2008,GE30,M,Y65-74,SI	24.3 	22.6 u	28.2 	: 
2008,GE30,M,Y65-74,SK	25.1 	36.1 u	25.8 	13.4 u
2008,GE30,M,Y65-74,TR	21.9 	21 	28.4 u	27 u
2008,GE30,M,Y75-84,AT	8.4 	5.8 	11.7 	6.1 
2008,GE30,M,Y75-84,BE	11.1 	15.1 	4.8 	4.9 
2008,GE30,M,Y75-84,BG	6.5 	7.3 	2.2 u	10.9 u
2008,GE30,M,Y75-84,CY	18.6 	18.5 	24.7 u	: 
2008,GE30,M,Y75-84,CZ	10.6 	: 	7.6 u	: 
2008,GE30,M,Y75-84,DE	15.8 	: c	: c	: c
2008,GE30,M,Y75-84,EE	12.4 	14.1 	10.3 	10.2 u
2008,GE30,M,Y75-84,EL	13.5 	14.9 	15.2 u	1.7 u
2008,GE30,M,Y75-84,ES	16.7 	18.9 	12.7 u	2.2 
2008,GE30,M,Y75-84,FR	15.8 	18 	12.6 	8.6 
2008,GE30,M,Y75-84,HU	27.6 	32.9 u	28.6 	15.4 u
2008,GE30,M,Y75-84,LV	13.6 	14.5 	9.2 u	: 
2008,GE30,M,Y75-84,MT	23.9 u	23.1 u	15 u	: 
2008,GE30,M,Y75-84,PL	16 	15.8 	16.6 	15.1 
2008,GE30,M,Y75-84,RO	6.6 	6.5 	9.6 	: 
2008,GE30,M,Y75-84,SI	12.1 	: 	6.5 u	: 
2008,GE30,M,Y75-84,SK	17.7 	19.5 u	15.5 u	: 
2008,GE30,M,Y75-84,TR	12.5 u	12.5 u	: 	: 
2008,GE30,M,Y_GE85,AT	7.7 	22.8 u	: 	: 
2008,GE30,M,Y_GE85,BE	9.7 	10.7 	11.9 	5 
2008,GE30,M,Y_GE85,BG	3.2 u	: 	: 	: 
2008,GE30,M,Y_GE85,CY	14 u	7.7 u	: 	: 
2008,GE30,M,Y_GE85,DE	: c	: c	: c	: c
2008,GE30,M,Y_GE85,EL	17.6 	18.5 u	: 	: 
2008,GE30,M,Y_GE85,ES	12.5 	14.2 	: 	: 
2008,GE30,M,Y_GE85,FR	8.7 	10.8 	4.4 	4.5 u
2008,GE30,M,Y_GE85,HU	10.2 u	: 	: 	: 
2008,GE30,M,Y_GE85,PL	13.8 	15 	15.7 u	: 
2008,GE30,M,Y_GE85,RO	7.7 	11.1 u	: 	: 
2008,GE30,T,TOTAL,AT	12.8 	18.5 	11.3 	10.5 
2008,GE30,T,TOTAL,BE	14 	19.2 	14 	8.6 
2008,GE30,T,TOTAL,BG	11.5 	12.3 	11.6 	9.7 
2008,GE30,T,TOTAL,CY	15.6 	22.2 	12.8 	10.8 
2008,GE30,T,TOTAL,CZ	18.3 	24.7 	18.4 	11.4 
2008,GE30,T,TOTAL,DE	15.8 	19.9 	16.1 	11.4 
2008,GE30,T,TOTAL,EE	18.5 	21.2 	18.2 	13.9 
2008,GE30,T,TOTAL,EL	17.6 	23 	15.5 	11.4 
2008,GE30,T,TOTAL,ES	15.7 	21.1 	10.6 	9.4 
2008,GE30,T,TOTAL,FR	12.2 	17.7 	11 	6.4 
2008,GE30,T,TOTAL,HU	20 	25.8 	19.1 	15 
2008,GE30,T,TOTAL,LV	16.9 	18.4 	17.1 	14.8 
2008,GE30,T,TOTAL,MT	22.9 u	30.5 u	20.3 	17.6 
2008,GE30,T,TOTAL,PL	16.4 	21.3 	16.7 	10.4 
2008,GE30,T,TOTAL,RO	7.9 	7.8 	8.2 	6.1 
2008,GE30,T,TOTAL,SI	16.8 	23.8 	16.9 	7.3 
2008,GE30,T,TOTAL,SK	15.1 	23.6 	15.2 	9.6 
2008,GE30,T,TOTAL,TR	16.2 	19.2 	9.2 	10 
2008,GE30,T,Y18-24,AT	4.8 	7.2 	4.3 	3.3 
2008,GE30,T,Y18-24,BE	4.3 	4.1 	5.1 	3.9 
2008,GE30,T,Y18-24,BG	1.1 	1.2 	1.2 	: 
2008,GE30,T,Y18-24,CY	3.6 	5 	3.7 	2.5 
2008,GE30,T,Y18-24,CZ	4.9 	5.1 u	5 	: 
2008,GE30,T,Y18-24,DE	4.1 	: c	3.7 	: c
2008,GE30,T,Y18-24,EE	3.8 	2.5 	4.6 	2.1 
2008,GE30,T,Y18-24,EL	3.5 	4.7 	3.7 	1.4 
2008,GE30,T,Y18-24,ES	4.8 	6.7 	3.2 	3.9 
2008,GE30,T,Y18-24,FR	3.5 	5.8 	2.7 	3.6 
2008,GE30,T,Y18-24,HU	5.2 	6.1 	5.2 	2.1 u
2008,GE30,T,Y18-24,LV	2 	2 	1.9 	2.7 
2008,GE30,T,Y18-24,MT	9.2 	: 	8.4 	9.2 
2008,GE30,T,Y18-24,PL	3.1 	2.2 	3.5 	2.2 
2008,GE30,T,Y18-24,RO	1.7 	0.9 	2.2 	: 
2008,GE30,T,Y18-24,SI	3.8 	6.4 u	3.3 	: 
2008,GE30,T,Y18-24,SK	2.4 	2.9 	2.3 	2.6 
2008,GE30,T,Y18-24,TR	2.8 	3.7 	2 	0.7 
2008,GE30,T,Y25-34,AT	7.4 	13.3 	7.3 	4.7 
2008,GE30,T,Y25-34,BE	8.5 	14.9 	9.3 	5.4 
2008,GE30,T,Y25-34,BG	6.8 	6.9 	7.3 	5.8 
2008,GE30,T,Y25-34,CY	8.6 	11.2 	8.5 	7.9 
2008,GE30,T,Y25-34,CZ	7.3 	9.1 u	6.9 	8.4 
2008,GE30,T,Y25-34,DE	10.9 	: c	12.2 	5.2 
2008,GE30,T,Y25-34,EE	10.3 	11.6 	10 	10.3 
2008,GE30,T,Y25-34,EL	9.4 	9 	12.6 	4.6 
2008,GE30,T,Y25-34,ES	9.7 	13.8 	8.7 	6.6 
2008,GE30,T,Y25-34,FR	8.2 	13.4 	10.2 	4.7 
2008,GE30,T,Y25-34,HU	11 	19 	12.7 	4.4 
2008,GE30,T,Y25-34,LV	5.9 	7 	7.3 	2.9 
2008,GE30,T,Y25-34,MT	20.4 	20 u	25.2 	9.5 
2008,GE30,T,Y25-34,PL	8.3 	10.9 	9.2 	6.4 
2008,GE30,T,Y25-34,RO	3.4 	2.8 	3.8 	2.4 
2008,GE30,T,Y25-34,SI	9.6 	19.3 u	11.4 	1.7 
2008,GE30,T,Y25-34,SK	6.7 	: 	7.5 	4.4 
2008,GE30,T,Y25-34,TR	8.9 	10.9 	6.5 	5.3 
2008,GE30,T,Y35-44,AT	10.6 	15.3 	10.1 	9.1 
2008,GE30,T,Y35-44,BE	14.1 	19.8 	17.5 	8.7 
2008,GE30,T,Y35-44,BG	12 	12.7 	12.9 	9.1 
2008,GE30,T,Y35-44,CY	13.9 	19.2 	13.7 	10.6 
2008,GE30,T,Y35-44,CZ	19.5 	: 	19.5 	14.6 u
2008,GE30,T,Y35-44,DE	14.5 	: c	15.7 	9.1 
2008,GE30,T,Y35-44,EE	15.4 	24.8 	14.6 	12.9 
2008,GE30,T,Y35-44,EL	15.2 	16.8 	16.8 	11.3 
2008,GE30,T,Y35-44,ES	14.4 	19.4 	12.6 	10 
2008,GE30,T,Y35-44,FR	10.7 	16.6 	11.3 	6.2 
2008,GE30,T,Y35-44,HU	17.6 	15.3 	18.8 	15.4 
2008,GE30,T,Y35-44,LV	13.9 	11.9 	14.9 	12.8 
2008,GE30,T,Y35-44,MT	19.3 	19.2 u	18.9 u	19.8 
2008,GE30,T,Y35-44,PL	13.7 	16.9 	14.5 	10.2 
2008,GE30,T,Y35-44,RO	6.9 	5 	7.2 	7.2 
2008,GE30,T,Y35-44,SI	15.2 	20.5 u	17.6 	6.8 
2008,GE30,T,Y35-44,SK	14.7 	: 	15.7 	10.8 
2008,GE30,T,Y35-44,TR	20.3 	21.7 	18.8 	12.9 
2008,GE30,T,Y45-54,AT	14.4 	20.3 	13.2 	12.2 
2008,GE30,T,Y45-54,BE	14.7 	20.7 	14.3 	9.3 
2008,GE30,T,Y45-54,BG	11.7 	11.6 	12.3 	10.1 
2008,GE30,T,Y45-54,CY	18.8 	22.7 	16.9 	17.2 
2008,GE30,T,Y45-54,CZ	22.1 	16.4 u	24.3 	11.2 u
2008,GE30,T,Y45-54,DE	17.7 	23.2 	19.3 	11.4 
2008,GE30,T,Y45-54,EE	22.5 	20.1 	22.9 	22.8 
2008,GE30,T,Y45-54,EL	20.8 	23.2 	22 	16.8 
2008,GE30,T,Y45-54,ES	17.1 	21.7 	13.5 	11.7 
2008,GE30,T,Y45-54,FR	13.6 	19.7 	12.9 	6.7 
2008,GE30,T,Y45-54,HU	27.3 	34.3 	26.5 	24.2 
2008,GE30,T,Y45-54,LV	21.1 	18.8 	23.3 	17.6 
2008,GE30,T,Y45-54,MT	24.3 u	27.9 u	22.6 	23.7 
2008,GE30,T,Y45-54,PL	20.4 	21.2 	21.7 	13.6 
2008,GE30,T,Y45-54,RO	12.1 	11.1 	12.7 	9.5 
2008,GE30,T,Y45-54,SI	21.1 	31.9 	20.1 	11.2 
2008,GE30,T,Y45-54,SK	16.8 	35.1 u	16.8 	10.9 
2008,GE30,T,Y45-54,TR	26.9 	29.5 	21 	15.1 
2008,GE30,T,Y55-64,AT	21.4 	28.4 	20.2 	16.3 
2008,GE30,T,Y55-64,BE	21.7 	26 	23 	14 
2008,GE30,T,Y55-64,BG	17.7 	17.7 	18.5 	15.3 
2008,GE30,T,Y55-64,CY	23.3 	27.7 	18.8 	14.6 
2008,GE30,T,Y55-64,CZ	29.5 	38.8 	29.6 	19.1 u
2008,GE30,T,Y55-64,DE	22.3 	28.4 	22.8 	17.1 
2008,GE30,T,Y55-64,EE	31.3 	40.2 	29.7 	19.1 
2008,GE30,T,Y55-64,EL	26.9 	28.7 	28 	20 
2008,GE30,T,Y55-64,ES	22.5 	27 	13.8 	15.1 
2008,GE30,T,Y55-64,FR	16.8 	19.9 	16.1 	10.8 
2008,GE30,T,Y55-64,HU	26.5 	34.4 	24.9 	22.1 
2008,GE30,T,Y55-64,LV	28.9 	23 	29.9 	33.2 
2008,GE30,T,Y55-64,MT	30.1 u	32.5 u	26 	31.9 
2008,GE30,T,Y55-64,PL	26.4 	33.5 	25.8 	17.4 
2008,GE30,T,Y55-64,RO	12.6 	11.8 	13.5 	10.5 
2008,GE30,T,Y55-64,SI	27.3 	32.3 	27.0 	18.1 u
2008,GE30,T,Y55-64,SK	27 	35.8 	27.9 	17.5 
2008,GE30,T,Y55-64,TR	27.2 	28.6 u	18.3 	20.8 
2008,GE30,T,Y65-74,AT	19.4 	25.1 	14.8 	17.6 
2008,GE30,T,Y65-74,BE	16.8 	19.7 	13.6 	13.6 
2008,GE30,T,Y65-74,BG	17.2 	16.7 	19.8 	12.1 
2008,GE30,T,Y65-74,CY	24.8 	26.6 	21.5 	19.3 
2008,GE30,T,Y65-74,CZ	31.5 	38.1 	31.3 	: 
2008,GE30,T,Y65-74,DE	20.1 	29.8 	17.1 	14.4 
2008,GE30,T,Y65-74,EE	28.7 	28.4 	30 	19.5 
2008,GE30,T,Y65-74,EL	29.4 	32.4 	23.5 	17.8 
2008,GE30,T,Y65-74,ES	25.4 	28.5 	15.6 	13.3 
2008,GE30,T,Y65-74,FR	18.5 	21.6 	14 	13 
2008,GE30,T,Y65-74,HU	29.2 	32.4 	26.6 	25.4 
2008,GE30,T,Y65-74,LV	29.6 	34.2 	26.5 	24.1 
2008,GE30,T,Y65-74,MT	31.5 u	34.6 u	23.9 	29.2 u
2008,GE30,T,Y65-74,PL	26.3 	27.3 	27.1 	19.9 
2008,GE30,T,Y65-74,RO	10.7 	9.6 	12.3 	12.5 
2008,GE30,T,Y65-74,SI	24.2 	23.6 	28.0 	7.2 u
2008,GE30,T,Y65-74,SK	30.1 	39.9 	28.5 	16.7 
2008,GE30,T,Y65-74,TR	27.4 u	27.4 u	27.4 u	25.9 u
2008,GE30,T,Y75-84,AT	14.2 	14.2 	14.9 	12.6 
2008,GE30,T,Y75-84,BE	16.1 	18.8 	12.7 	7.9 
2008,GE30,T,Y75-84,BG	13 	14.6 	10.2 	11.2 u
2008,GE30,T,Y75-84,CY	21.1 	21.6 	22.6 	9.6 u
2008,GE30,T,Y75-84,CZ	18.3 	30.3 	12.8 	: 
2008,GE30,T,Y75-84,DE	19.1 	: c	18.5 	17.7 
2008,GE30,T,Y75-84,EE	20.4 	20.7 	20.9 	15.1 
2008,GE30,T,Y75-84,EL	18.2 	19.8 	15.2 	5 
2008,GE30,T,Y75-84,ES	21.6 	23.5 	13.1 	5.3 
2008,GE30,T,Y75-84,FR	16.2 	17.9 	12.4 	7.1 
2008,GE30,T,Y75-84,HU	25.5 	28.7 	21.1 	17.5 u
2008,GE30,T,Y75-84,LV	24.6 	23.4 	24.4 	29.9 
2008,GE30,T,Y75-84,MT	27.1 u	28.7 u	17.7 u	: 
2008,GE30,T,Y75-84,PL	20.4 	21.7 	20 	13.3 
2008,GE30,T,Y75-84,RO	7.8 	7.6 	9.3 	5.2 
2008,GE30,T,Y75-84,SI	15.8 	19.8 	13.3 u	: 
2008,GE30,T,Y75-84,SK	21.5 	22.2 	19.4 	: 
2008,GE30,T,Y75-84,TR	16.6 u	16.1 u	: 	: 
2008,GE30,T,Y_GE85,AT	8.6 	11.5 	6.9 	: 
2008,GE30,T,Y_GE85,BE	8.4 	7.7 	10.2 	9.6 
2008,GE30,T,Y_GE85,BG	3.5 	: 	: 	: 
2008,GE30,T,Y_GE85,CY	16.6 	14.5 	: 	: 
2008,GE30,T,Y_GE85,CZ	23.5 u	: 	: 	: 
2008,GE30,T,Y_GE85,DE	: c	: c	: c	: c
2008,GE30,T,Y_GE85,EE	14.9 u	: 	: 	: 
2008,GE30,T,Y_GE85,EL	13.2 	12 	: 	: 
2008,GE30,T,Y_GE85,ES	17.7 u	19.5 u	2 u	4.4 u
2008,GE30,T,Y_GE85,FR	9.5 	11.3 	3.6 	2.8 
2008,GE30,T,Y_GE85,HU	10 	15.6 	: 	: 
2008,GE30,T,Y_GE85,LV	20 	24.9 u	: 	: 
2008,GE30,T,Y_GE85,PL	16.1 	18.2 	10.7 	10 u
2008,GE30,T,Y_GE85,RO	4.3 u	5.7 u	: 	: 
2008,GE30,T,Y_GE85,SK	13.6 u	17.1 u	: 	: 
2008,GE30,T,Y_GE85,TR	4.7 u	3.5 u	: 	: 
2008,LT18P5,F,TOTAL,AT	3.2 	2.1 	3.5 	4 
2008,LT18P5,F,TOTAL,BE	4.1 	3.2 	3.8 	5.3 
2008,LT18P5,F,TOTAL,BG	5 	2.9 	5.1 	7.8 
2008,LT18P5,F,TOTAL,CY	5.1 	2.1 	6 	8 
2008,LT18P5,F,TOTAL,CZ	4.3 	3.1 	4.3 	6 
2008,LT18P5,F,TOTAL,DE	3.5 	3.5 	3.3 	3.9 
2008,LT18P5,F,TOTAL,EE	4.3 	4.1 	4.1 	5.9 
2008,LT18P5,F,TOTAL,EL	3.2 	1.4 	4.8 	3.9 
2008,LT18P5,F,TOTAL,ES	3.5 	2.5 	4.6 	4.6 
2008,LT18P5,F,TOTAL,FR	5.2 	3.9 	5.2 	7 
2008,LT18P5,F,TOTAL,HU	4.9 	4.2 	5 	5.8 
2008,LT18P5,F,TOTAL,LV	3 	4.5 	2.7 	2.1 
2008,LT18P5,F,TOTAL,MT	3.2 u	1.6 u	3.3 	6.8 
2008,LT18P5,F,TOTAL,PL	3.8 	2.7 	4 	4.3 
2008,LT18P5,F,TOTAL,RO	3.1 	1.8 	3.5 	5.4 
2008,LT18P5,F,TOTAL,SI	2.5 	2.4 	3.1 	1.0 
2008,LT18P5,F,TOTAL,SK	4.5 	2.2 	4.3 	7 
2008,LT18P5,F,TOTAL,TR	4.6 u	3.3 u	8.5 	8.1 
2008,LT18P5,F,Y18-24,AT	8 	9.4 	7.9 	5.6 
2008,LT18P5,F,Y18-24,BE	7.1 	10.5 	4.7 	8.9 
2008,LT18P5,F,Y18-24,BG	21.8 	12.6 	22.4 	: 
2008,LT18P5,F,Y18-24,CY	14.1 	29.4 u	12 	13.3 
2008,LT18P5,F,Y18-24,CZ	12.9 	17.9 u	12.1 	: 
2008,LT18P5,F,Y18-24,DE	9.8 	: c	10 	: c
2008,LT18P5,F,Y18-24,EE	13.1 	13.2 	11.7 	21.4 u
2008,LT18P5,F,Y18-24,EL	12 	4.6 u	13.5 	11.4 u
2008,LT18P5,F,Y18-24,ES	13.8 	15.9 	13.1 	10.7 
2008,LT18P5,F,Y18-24,FR	12.7 	13.8 	11.9 	13.5 
2008,LT18P5,F,Y18-24,HU	15.4 	7.4 	18.4 	16.2 u
2008,LT18P5,F,Y18-24,LV	9.7 	14.9 	8.3 	6.9 
2008,LT18P5,F,Y18-24,MT	9.5 	: 	10.6 	8 
2008,LT18P5,F,Y18-24,PL	12.6 	13.2 	12.8 	10.5 
2008,LT18P5,F,Y18-24,RO	11.6 	9.3 	12.4 	15.8 u
2008,LT18P5,F,Y18-24,SI	9.1 	14.5 u	8.3 	: 
2008,LT18P5,F,Y18-24,SK	14.3 	9.1 	14.5 	18.7 
2008,LT18P5,F,Y18-24,TR	12 	8.6 u	17.3 	14.3 
2008,LT18P5,F,Y25-34,AT	5.9 	2.6 	6.1 	7.6 
2008,LT18P5,F,Y25-34,BE	6.9 	7.3 	6.4 	7.4 
2008,LT18P5,F,Y25-34,BG	10 	9.8 	6.3 	16.1 
2008,LT18P5,F,Y25-34,CY	9.5 	3.1 	9.7 	10.9 
2008,LT18P5,F,Y25-34,CZ	10.1 	: 	11.1 	9.4 u
2008,LT18P5,F,Y25-34,DE	5.5 	: c	5.6 	: c
2008,LT18P5,F,Y25-34,EE	8.5 	7.7 	8.7 	8.3 
2008,LT18P5,F,Y25-34,EL	6.2 	6.1 	7.3 	4.7 
2008,LT18P5,F,Y25-34,ES	5.4 	4.4 	4.5 	6.8 
2008,LT18P5,F,Y25-34,FR	6.1 	9.5 	4.1 	6.8 
2008,LT18P5,F,Y25-34,HU	9.1 	18.5 u	6.8 	9.7 
2008,LT18P5,F,Y25-34,LV	6.8 	10.9 	7 	4.9 
2008,LT18P5,F,Y25-34,MT	6.2 	: 	4.2 	10.5 
2008,LT18P5,F,Y25-34,PL	6.7 	9.1 	6.4 	6.8 
2008,LT18P5,F,Y25-34,RO	5.1 	1.9 	4.6 	9.5 
2008,LT18P5,F,Y25-34,SI	4.0 	: 	4.9 	3.4 
2008,LT18P5,F,Y25-34,SK	8.3 	: 	6.8 	11.2 
2008,LT18P5,F,Y25-34,TR	5.5 	4.8 u	4.3 	11.1 
2008,LT18P5,F,Y35-44,AT	2.9 	3 	2.2 	4.1 
2008,LT18P5,F,Y35-44,BE	4.3 	4 	3.1 	5.3 
2008,LT18P5,F,Y35-44,BG	3.2 	: 	2.4 	6.4 
2008,LT18P5,F,Y35-44,CY	4.2 	2 	3.8 	6.3 
2008,LT18P5,F,Y35-44,CZ	2.6 	: 	3.1 	: 
2008,LT18P5,F,Y35-44,DE	2.7 	: c	: c	: c
2008,LT18P5,F,Y35-44,EE	4.5 	5.2 u	4.3 	5.6 
2008,LT18P5,F,Y35-44,EL	2 	2.6 	1.5 	2.3 
2008,LT18P5,F,Y35-44,ES	3.3 	2.2 	3.3 	4.4 
2008,LT18P5,F,Y35-44,FR	6.1 	3.4 	5.7 	8 
2008,LT18P5,F,Y35-44,HU	4.8 	7.5 	3.3 	6.4 
2008,LT18P5,F,Y35-44,LV	0.6 	: 	0.8 	0.5 
2008,LT18P5,F,Y35-44,MT	1.4 u	: 	0.6 u	5.3 u
2008,LT18P5,F,Y35-44,PL	2.3 	3.1 	2.1 	2.7 
2008,LT18P5,F,Y35-44,RO	2.1 	2.1 	2 	3 
2008,LT18P5,F,Y35-44,SI	2.3 	4.8 u	3.0 	: 
2008,LT18P5,F,Y35-44,SK	3.7 	: 	4.3 	1.1 
2008,LT18P5,F,Y35-44,TR	2.5 	2.2 u	1.5 	7.5 
2008,LT18P5,F,Y45-54,AT	2 	1 	2.4 	2.4 
2008,LT18P5,F,Y45-54,BE	3.3 	3.1 	3.1 	3.7 
2008,LT18P5,F,Y45-54,BG	1.5 	1 	1.9 	0.9 
2008,LT18P5,F,Y45-54,CY	2.3 	0.8 	3.3 	2.5 
2008,LT18P5,F,Y45-54,CZ	0.8 	: 	: 	: 
2008,LT18P5,F,Y45-54,DE	2.7 	: c	: c	: c
2008,LT18P5,F,Y45-54,EE	1 	3.9 	0.8 	: 
2008,LT18P5,F,Y45-54,EL	1.7 	2 	1.1 	2.2 
2008,LT18P5,F,Y45-54,ES	1.1 	1.1 	1.3 	1 
2008,LT18P5,F,Y45-54,FR	3.4 	3.1 	2.2 	5.6 
2008,LT18P5,F,Y45-54,HU	2.3 	3.4 	2.4 	1 
2008,LT18P5,F,Y45-54,LV	0.9 	3.4 	0.9 	: 
2008,LT18P5,F,Y45-54,MT	0.7 u	: 	0.6 u	4.2 u
2008,LT18P5,F,Y45-54,PL	1.7 	0.8 	1.9 	1.5 
2008,LT18P5,F,Y45-54,RO	1.1 	0.5 	1.4 	0.8 
2008,LT18P5,F,Y45-54,SI	0.4 	: 	0.8 	: 
2008,LT18P5,F,Y45-54,SK	1.5 	: 	1 	4.4 
2008,LT18P5,F,Y45-54,TR	0.5 u	0.3 u	2.4 	: 
2008,LT18P5,F,Y55-64,AT	1.4 	0.8 	1.6 	1.8 
2008,LT18P5,F,Y55-64,BE	1.4 	0.5 	2.7 	1.3 
2008,LT18P5,F,Y55-64,BG	1 	: 	1.5 	1 
2008,LT18P5,F,Y55-64,CY	1 	0.7 	2.1 	: 
2008,LT18P5,F,Y55-64,DE	: c	: c	: c	: c
2008,LT18P5,F,Y55-64,EE	0.6 	1.5 	0.5 	: 
2008,LT18P5,F,Y55-64,EL	0.5 	0.6 	: 	0.9 
2008,LT18P5,F,Y55-64,ES	0.6 	0.6 	0.8 	0.5 
2008,LT18P5,F,Y55-64,FR	1.9 	1.8 	1.6 	2.7 
2008,LT18P5,F,Y55-64,HU	1.9 	2.7 	1.4 	2.1 
2008,LT18P5,F,Y55-64,LV	1.4 	3.7 	0.8 	1.1 
2008,LT18P5,F,Y55-64,MT	1.9 u	1.2 u	3.5 	: 
2008,LT18P5,F,Y55-64,PL	1.2 	1.4 	1 	1.7 
2008,LT18P5,F,Y55-64,RO	0.5 	0.1 	0.9 	1 
2008,LT18P5,F,Y55-64,SI	0.7 	1.8 	: 	: 
2008,LT18P5,F,Y55-64,SK	0.5 	1.8 u	: 	1.4 
2008,LT18P5,F,Y55-64,TR	0.9 u	0.9 u	1.7 u	: 
2008,LT18P5,F,Y65-74,AT	0.6 	0.8 	0.5 	0.4 
2008,LT18P5,F,Y65-74,BE	1.6 	1.5 	2.2 	0.7 
2008,LT18P5,F,Y65-74,BG	0.7 	0.8 	0.6 	: 
2008,LT18P5,F,Y65-74,CY	0.3 	: 	1.3 	: 
2008,LT18P5,F,Y65-74,CZ	1.5 	: 	2.4 	: 
2008,LT18P5,F,Y65-74,DE	: c	: c	: c	: c
2008,LT18P5,F,Y65-74,EE	1.4 	1.2 	1.7 	: 
2008,LT18P5,F,Y65-74,EL	0.8 	0.4 	0.9 	5.6 u
2008,LT18P5,F,Y65-74,ES	0.6 	0.4 	2.1 	0.9 
2008,LT18P5,F,Y65-74,FR	2.2 	1.8 	3.4 	1.7 
2008,LT18P5,F,Y65-74,HU	1.7 	1.6 	2.7 	: 
2008,LT18P5,F,Y65-74,LV	0.9 	0.9 	0.6 	1.9 
2008,LT18P5,F,Y65-74,MT	0.7 u	0.9 u	: 	: 
2008,LT18P5,F,Y65-74,PL	1.2 	1.2 	1.2 	0.5 
2008,LT18P5,F,Y65-74,RO	0.9 	1.1 	0.6 	: 
2008,LT18P5,F,Y65-74,SK	0.3 	: 	0.6 	: 
2008,LT18P5,F,Y65-74,TR	2.5 u	2.4 u	: 	: 
2008,LT18P5,F,Y75-84,AT	1.3 	1.3 	1.5 	: 
2008,LT18P5,F,Y75-84,BE	3.6 	3.6 	4.1 	4 u
2008,LT18P5,F,Y75-84,BG	1.5 	1.7 	1.2 	: 
2008,LT18P5,F,Y75-84,CY	2.6 	2.4 	4.3 u	: 
2008,LT18P5,F,Y75-84,DE	: c	: c	: c	: c
2008,LT18P5,F,Y75-84,EE	1.6 	2.4 	0.4 	: 
2008,LT18P5,F,Y75-84,EL	1.1 	1 	2 u	: 
2008,LT18P5,F,Y75-84,ES	1.2 u	1.3 u	: 	: 
2008,LT18P5,F,Y75-84,FR	4.3 	3.4 	8.1 	8.8 
2008,LT18P5,F,Y75-84,HU	1.4 	2 	: 	: 
2008,LT18P5,F,Y75-84,LV	1 	1.9 	: 	: 
2008,LT18P5,F,Y75-84,MT	3.9 u	4.8 u	: 	: 
2008,LT18P5,F,Y75-84,PL	1.2 	0.5 	2.5 	2.8 
2008,LT18P5,F,Y75-84,RO	1.7 	1.4 	3.6 	: 
2008,LT18P5,F,Y75-84,SI	0.6 	: 	: 	: 
2008,LT18P5,F,Y75-84,SK	0.5 	: 	1.2 	: 
2008,LT18P5,F,Y75-84,TR	2.9 u	3.1 u	: 	: 
2008,LT18P5,F,Y_GE85,AT	3.5 	3.6 	2.3 u	: 
2008,LT18P5,F,Y_GE85,BE	7.4 	7.2 	8.3 	8 
2008,LT18P5,F,Y_GE85,CY	9 u	5.9 u	: 	: 
2008,LT18P5,F,Y_GE85,DE	: c	: c	: c	: c
2008,LT18P5,F,Y_GE85,ES	2.2 u	1.5 u	: 	: 
2008,LT18P5,F,Y_GE85,FR	9.6 	8.9 	18 	0.8 u
2008,LT18P5,F,Y_GE85,HU	5.2 	5.3 u	: 	: 
2008,LT18P5,F,Y_GE85,LV	1.6 	2.2 u	: 	: 
2008,LT18P5,F,Y_GE85,PL	2.8 	2.7 	3.6 	: 
2008,LT18P5,F,Y_GE85,RO	1.9 u	2.3 u	: 	: 
2008,LT18P5,F,Y_GE85,TR	2.1 u	2.3 u	: 	: 
2008,LT18P5,M,TOTAL,AT	0.8 	1.6 	0.6 	0.7 
2008,LT18P5,M,TOTAL,BE	1.4 	1.8 	1.5 	0.9 
2008,LT18P5,M,TOTAL,BG	0.9 	1.2 	0.7 	0.9 
2008,LT18P5,M,TOTAL,CY	0.5 	0.5 	0.6 	0.4 
2008,LT18P5,M,TOTAL,CZ	0.6 	0.6 	0.5 	0.8 
2008,LT18P5,M,TOTAL,DE	0.8 	: c	: c	: c
2008,LT18P5,M,TOTAL,EE	1.2 	1.9 	1 	0.4 
2008,LT18P5,M,TOTAL,EL	0.3 	0.3 	0.3 	0.5 
2008,LT18P5,M,TOTAL,ES	0.6 	0.8 	0.6 	0.2 
2008,LT18P5,M,TOTAL,FR	1.2 	1.7 	1.1 	0.8 
2008,LT18P5,M,TOTAL,HU	1.6 	3.3 	1.2 	1 
2008,LT18P5,M,TOTAL,LV	0.6 	0.9 	0.6 	0.2 
2008,LT18P5,M,TOTAL,MT	1.3 	0.6 u	1.6 	1.8 
2008,LT18P5,M,TOTAL,PL	0.7 	1.6 	0.6 	0.3 
2008,LT18P5,M,TOTAL,RO	0.6 	1 	0.5 	0.2 
2008,LT18P5,M,TOTAL,SI	0.7 	3.4 	0.2 	: 
2008,LT18P5,M,TOTAL,SK	0.6 	2.7 	0.5 	0.2 
2008,LT18P5,M,TOTAL,TR	1.7 	1.5 	2 	2 
2008,LT18P5,M,Y18-24,AT	2.8 	5.8 	1.3 	7.5 
2008,LT18P5,M,Y18-24,BE	5.2 	4.5 	8.5 	0.8 
2008,LT18P5,M,Y18-24,BG	3.5 	6.8 	2.3 	: 
2008,LT18P5,M,Y18-24,CY	1.9 	3.5 	1.8 	: 
2008,LT18P5,M,Y18-24,CZ	1.5 	: 	2.1 	: 
2008,LT18P5,M,Y18-24,DE	: c	: c	: c	: c
2008,LT18P5,M,Y18-24,EE	4.1 	4.5 	3.9 	3.7 u
2008,LT18P5,M,Y18-24,EL	1.7 	4.2 u	0.6 	: 
2008,LT18P5,M,Y18-24,ES	3.1 	3.5 	2.7 	2.4 
2008,LT18P5,M,Y18-24,FR	5.1 	8.8 	3.4 	5.8 
2008,LT18P5,M,Y18-24,HU	6.6 	10.4 	5.5 	: 
2008,LT18P5,M,Y18-24,LV	1.7 	1.5 	2 	: 
2008,LT18P5,M,Y18-24,MT	4.5 	: 	3.7 	5.4 u
2008,LT18P5,M,Y18-24,PL	2.6 	3.4 	2.1 	4.5 
2008,LT18P5,M,Y18-24,RO	1.4 	1.3 	1.6 	: 
2008,LT18P5,M,Y18-24,SI	2.8 	7.3 u	1.7 	: 
2008,LT18P5,M,Y18-24,SK	2 	4.4 	1.7 	: 
2008,LT18P5,M,Y18-24,TR	4.5 	5 	4.1 	4.8 
2008,LT18P5,M,Y25-34,AT	0.4 	0.8 	0.4 	: 
2008,LT18P5,M,Y25-34,BE	2 	2.3 	1 	2.5 
2008,LT18P5,M,Y25-34,BG	1.2 	1.8 	0.7 	2.1 
2008,LT18P5,M,Y25-34,CY	0.7 	: 	0.5 	1.3 
2008,LT18P5,M,Y25-34,CZ	0.4 	: 	0.6 	: 
2008,LT18P5,M,Y25-34,DE	: c	: c	: c	: c
2008,LT18P5,M,Y25-34,EE	1.2 	2.6 	1 	: 
2008,LT18P5,M,Y25-34,EL	0.6 	: 	0.4 	1.3 
2008,LT18P5,M,Y25-34,ES	0.5 	0.9 	0.6 	: 
2008,LT18P5,M,Y25-34,FR	1.3 	2.7 	1.4 	0.7 
2008,LT18P5,M,Y25-34,HU	1.4 	4.1 	1 	1.1 
2008,LT18P5,M,Y25-34,LV	0.2 	0.8 	: 	: 
2008,LT18P5,M,Y25-34,MT	2 	: 	1.6 	3.4 
2008,LT18P5,M,Y25-34,PL	0.4 	1.9 	0.3 	0.1 
2008,LT18P5,M,Y25-34,RO	0.1 	0.7 	: 	: 
2008,LT18P5,M,Y25-34,SK	0.6 	: 	0.6 	0.7 
2008,LT18P5,M,Y25-34,TR	1.1 	1 	0.6 	2.1 
2008,LT18P5,M,Y35-44,AT	0.5 	1.4 	0.5 	: 
2008,LT18P5,M,Y35-44,BE	0.9 	2.9 	0.1 	0.8 
2008,LT18P5,M,Y35-44,BG	0.3 	1.5 	: 	: 
2008,LT18P5,M,Y35-44,DE	: c	: c	: c	: c
2008,LT18P5,M,Y35-44,EE	0.2 	: 	0.2 	: 
2008,LT18P5,M,Y35-44,ES	0.2 	0.6 	: 	: 
2008,LT18P5,M,Y35-44,FR	0.4 	0.9 	0.4 	0.1 
2008,LT18P5,M,Y35-44,HU	0.5 	: 	0.8 	: 
2008,LT18P5,M,Y35-44,LV	0.2 	1 	: 	: 
2008,LT18P5,M,Y35-44,MT	0.5 	: 	0.8 	: 
2008,LT18P5,M,Y35-44,PL	0.2 	: 	0.3 	: 
2008,LT18P5,M,Y35-44,RO	0.3 	: 	0.3 	: 
2008,LT18P5,M,Y35-44,SI	0.6 	4.2 u	: 	: 
2008,LT18P5,M,Y35-44,TR	0.9 	0.7 	1.2 	1 
2008,LT18P5,M,Y45-54,AT	0.2 	: 	0.1 	0.4 
2008,LT18P5,M,Y45-54,BE	0.5 	1 	: 	0.4 
2008,LT18P5,M,Y45-54,BG	0.7 	: 	1.1 	: 
2008,LT18P5,M,Y45-54,CY	0.2 	0.6 	: 	: 
2008,LT18P5,M,Y45-54,CZ	1.3 	: 	0.8 	: 
2008,LT18P5,M,Y45-54,DE	: c	: c	: c	: c
2008,LT18P5,M,Y45-54,EE	0.8 	1.2 	0.7 	: 
2008,LT18P5,M,Y45-54,EL	0.2 	: 	0.5 	: 
2008,LT18P5,M,Y45-54,ES	0.1 	0.2 	: 	0.1 
2008,LT18P5,M,Y45-54,FR	0.9 	1.8 	0.6 	0.2 
2008,LT18P5,M,Y45-54,HU	0.8 	3.7 	0.4 	: 
2008,LT18P5,M,Y45-54,LV	0.5 	: 	0.9 	: 
2008,LT18P5,M,Y45-54,PL	0.2 	0.4 	0.2 	: 
2008,LT18P5,M,Y45-54,RO	0.4 	: 	0.5 	0.6 
2008,LT18P5,M,Y45-54,SI	0.3 	1.6 u	: 	: 
2008,LT18P5,M,Y45-54,SK	0.5 	: 	0.3 	: 
2008,LT18P5,M,Y45-54,TR	0.7 	0.5 	1.2 	1.7 
2008,LT18P5,M,Y55-64,AT	0.4 	0.6 	0.6 	: 
2008,LT18P5,M,Y55-64,BE	0.6 	0.1 	1.8 	0.2 
2008,LT18P5,M,Y55-64,DE	: c	: c	: c	: c
2008,LT18P5,M,Y55-64,ES	0.2 	0.4 	: 	: 
2008,LT18P5,M,Y55-64,FR	0.3 	0.4 	0.3 	: 
2008,LT18P5,M,Y55-64,HU	0.4 	: 	0.6 	: 
2008,LT18P5,M,Y55-64,LV	0.4 	1.3 	: 	: 
2008,LT18P5,M,Y55-64,MT	0.8 	: 	2 	: 
2008,LT18P5,M,Y55-64,PL	0.5 	1 	0.5 	: 
2008,LT18P5,M,Y55-64,RO	0.6 	1.3 	0.3 	: 
2008,LT18P5,M,Y55-64,SI	1.0 	4.7 u	: 	: 
2008,LT18P5,M,Y55-64,SK	0.3 	: 	0.3 	: 
2008,LT18P5,M,Y55-64,TR	1.6 	1.6 	1.6 	1.5 
2008,LT18P5,M,Y65-74,AT	0.5 	0.4 	0.7 	0.2 
2008,LT18P5,M,Y65-74,BE	1.1 	2 	0.1 	: 
2008,LT18P5,M,Y65-74,CY	0.6 	: 	2.5 	: 
2008,LT18P5,M,Y65-74,CZ	0.7 	: 	: 	: 
2008,LT18P5,M,Y65-74,DE	: c	: c	: c	: c
2008,LT18P5,M,Y65-74,EE	0.6 	1.4 	: 	: 
2008,LT18P5,M,Y65-74,EL	0.2 	0.3 	: 	: 
2008,LT18P5,M,Y65-74,ES	0.3 	: 	1.4 	0.8 
2008,LT18P5,M,Y65-74,FR	0.8 	0.7 	1.2 	: 
2008,LT18P5,M,Y65-74,HU	0.3 	0.8 	: 	: 
2008,LT18P5,M,Y65-74,LV	1 	0.7 	0.9 	2.5 u
2008,LT18P5,M,Y65-74,MT	1.5 u	1.3 u	2.4 u	: 
2008,LT18P5,M,Y65-74,PL	0.3 	0.8 	0.1 	: 
2008,LT18P5,M,Y65-74,RO	0.5 	1 	: 	: 
2008,LT18P5,M,Y65-74,TR	1.4 	1.6 	: 	: 
2008,LT18P5,M,Y75-84,AT	1.2 	1.3 	0.1 	3 
2008,LT18P5,M,Y75-84,BE	1.6 	2.4 	0.8 	: 
2008,LT18P5,M,Y75-84,BG	1.1 	: 	: 	7.1 u
2008,LT18P5,M,Y75-84,CY	0.6 	0.9 	: 	: 
2008,LT18P5,M,Y75-84,DE	: c	: c	: c	: c
2008,LT18P5,M,Y75-84,EE	1.3 	0.8 	2.3 	: 
2008,LT18P5,M,Y75-84,ES	1.1 	1.1 	: 	2.3 
2008,LT18P5,M,Y75-84,FR	0.4 	0.3 	0.6 	: 
2008,LT18P5,M,Y75-84,HU	3 	2.1 u	: 	10.9 u
2008,LT18P5,M,Y75-84,LV	0.6 	1 	: 	: 
2008,LT18P5,M,Y75-84,PL	1.6 	2.2 	1.5 	: 
2008,LT18P5,M,Y75-84,RO	2.1 	2.2 	1.7 	1.8 u
2008,LT18P5,M,Y75-84,SI	2.0 	: 	: 	: 
2008,LT18P5,M,Y75-84,TR	2.8 u	2.4 u	: 	: 
2008,LT18P5,M,Y_GE85,AT	9.6 	7.4 u	2.6 u	: 
2008,LT18P5,M,Y_GE85,BE	3.1 	2.8 	2.1 	5.4 
2008,LT18P5,M,Y_GE85,BG	3.2 u	: 	: 	: 
2008,LT18P5,M,Y_GE85,CY	4.9 u	6.2 u	: 	: 
2008,LT18P5,M,Y_GE85,DE	: c	: c	: c	: c
2008,LT18P5,M,Y_GE85,ES	0.7 	0.8 	: 	: 
2008,LT18P5,M,Y_GE85,FR	3.2 	2.4 	7.5 	: 
2008,LT18P5,M,Y_GE85,HU	2.3 u	: 	: 	: 
2008,LT18P5,M,Y_GE85,PL	1.7 	1.9 	2.4 u	: 
2008,LT18P5,M,Y_GE85,TR	16.9 u	18.7 u	: 	: 
2008,LT18P5,T,TOTAL,AT	2 	2 	2 	2.1 
2008,LT18P5,T,TOTAL,BE	2.8 	2.6 	2.7 	3.2 
2008,LT18P5,T,TOTAL,BG	3.1 	2.2 	2.9 	5 
2008,LT18P5,T,TOTAL,CY	2.9 	1.4 	3.3 	4.3 
2008,LT18P5,T,TOTAL,CZ	2.5 	2.3 	2.4 	3.3 
2008,LT18P5,T,TOTAL,DE	2.1 	3 	2 	1.7 
2008,LT18P5,T,TOTAL,EE	2.9 	3 	2.7 	3.9 
2008,LT18P5,T,TOTAL,EL	1.8 	0.9 	2.6 	2 
2008,LT18P5,T,TOTAL,ES	2 	1.6 	2.6 	2.4 
2008,LT18P5,T,TOTAL,FR	3.3 	3 	3.1 	4.2 
2008,LT18P5,T,TOTAL,HU	3.3 	3.9 	3 	3.8 
2008,LT18P5,T,TOTAL,LV	1.9 	2.7 	1.7 	1.5 
2008,LT18P5,T,TOTAL,MT	2.3 u	1.1 u	2.4 	4.2 
2008,LT18P5,T,TOTAL,PL	2.4 	2.2 	2.3 	2.7 
2008,LT18P5,T,TOTAL,RO	1.9 	1.5 	2 	2.9 
2008,LT18P5,T,TOTAL,SI	1.6 	2.8 	1.5 	0.5 
2008,LT18P5,T,TOTAL,SK	2.6 	2.3 	2.4 	3.8 
2008,LT18P5,T,TOTAL,TR	3.1 	2.5 	4.6 	4.2 
2008,LT18P5,T,Y18-24,AT	5.4 	7.7 	4.5 	6.5 
2008,LT18P5,T,Y18-24,BE	6.2 	6.8 	6.7 	5.8 
2008,LT18P5,T,Y18-24,BG	12.5 	9.6 	11.8 	34.4 u
2008,LT18P5,T,Y18-24,CY	8.4 	13.8 	6.9 	9.8 
2008,LT18P5,T,Y18-24,CZ	7.4 	10 u	6.9 	: 
2008,LT18P5,T,Y18-24,DE	6.3 	6.8 	6.1 	: c
2008,LT18P5,T,Y18-24,EE	8.5 	7.8 	8 	14.5 
2008,LT18P5,T,Y18-24,EL	7 	4.3 	7.1 	9.3 
2008,LT18P5,T,Y18-24,ES	8.3 	8.8 	8.4 	6.9 
2008,LT18P5,T,Y18-24,FR	8.9 	11.1 	7.6 	10.3 
2008,LT18P5,T,Y18-24,HU	10.7 	9 	11.5 	10 u
2008,LT18P5,T,Y18-24,LV	5.6 	7.1 	5 	5 
2008,LT18P5,T,Y18-24,MT	6.9 	: 	6.8 	6.9 
2008,LT18P5,T,Y18-24,PL	7.7 	7.5 	7.6 	8.3 
2008,LT18P5,T,Y18-24,RO	6.7 	5.8 	6.9 	9.9 
2008,LT18P5,T,Y18-24,SI	5.8 	10.6 u	4.8 	: 
2008,LT18P5,T,Y18-24,SK	8.1 	6.5 	7.7 	11.8 
2008,LT18P5,T,Y18-24,TR	8.2 	7.1 	9.6 	8.9 
2008,LT18P5,T,Y25-34,AT	3.1 	1.9 	3.2 	3.7 
2008,LT18P5,T,Y25-34,BE	4.6 	4.9 	3.6 	5.3 
2008,LT18P5,T,Y25-34,BG	5.6 	5.9 	3.1 	10.6 
2008,LT18P5,T,Y25-34,CY	5.3 	1.3 	5.1 	6.8 
2008,LT18P5,T,Y25-34,CZ	5 	: 	5.2 	5.4 
2008,LT18P5,T,Y25-34,DE	3.5 	: c	3.4 	4 
2008,LT18P5,T,Y25-34,EE	4.9 	4.6 	4.8 	5.4 
2008,LT18P5,T,Y25-34,EL	3.3 	2.6 	3.8 	3 
2008,LT18P5,T,Y25-34,ES	2.9 	2.4 	2.4 	3.7 
2008,LT18P5,T,Y25-34,FR	3.8 	6.2 	2.7 	4.1 
2008,LT18P5,T,Y25-34,HU	5.2 	11.1 	3.6 	6.4 
2008,LT18P5,T,Y25-34,LV	3.5 	4.5 	3.2 	3.1 
2008,LT18P5,T,Y25-34,MT	4.3 	5 u	3.1 	7.1 
2008,LT18P5,T,Y25-34,PL	3.7 	5 	3.3 	4.1 
2008,LT18P5,T,Y25-34,RO	2.8 	1.4 	2.4 	5.2 
2008,LT18P5,T,Y25-34,SI	1.9 	: 	2.1 	2.0 
2008,LT18P5,T,Y25-34,SK	4.4 	: 	3.6 	6.1 
2008,LT18P5,T,Y25-34,TR	3.2 	3 	2.1 	5.6 
2008,LT18P5,T,Y35-44,AT	1.7 	2.4 	1.3 	2 
2008,LT18P5,T,Y35-44,BE	2.6 	3.4 	1.5 	3.3 
2008,LT18P5,T,Y35-44,BG	1.8 	0.8 	1.2 	4.1 
2008,LT18P5,T,Y35-44,CY	2.1 	1 	2.1 	3 
2008,LT18P5,T,Y35-44,CZ	1.4 	: 	1.7 	: 
2008,LT18P5,T,Y35-44,DE	1.5 	: c	: c	: c
2008,LT18P5,T,Y35-44,EE	2.4 	1.7 	2.3 	3.7 
2008,LT18P5,T,Y35-44,EL	1 	1.1 	0.8 	1.2 
2008,LT18P5,T,Y35-44,ES	1.7 	1.3 	1.6 	2.3 
2008,LT18P5,T,Y35-44,FR	3.3 	2.2 	2.9 	4.6 
2008,LT18P5,T,Y35-44,HU	2.7 	3.6 	1.9 	4.2 
2008,LT18P5,T,Y35-44,LV	0.4 	0.7 	0.4 	0.4 
2008,LT18P5,T,Y35-44,MT	1 	: 	0.7 u	2.5 
2008,LT18P5,T,Y35-44,PL	1.3 	1.5 	1.2 	1.7 
2008,LT18P5,T,Y35-44,RO	1.3 	1.2 	1.2 	1.6 
2008,LT18P5,T,Y35-44,SI	1.4 	4.5 u	1.3 	: 
2008,LT18P5,T,Y35-44,SK	1.8 	: 	2 	0.6 
2008,LT18P5,T,Y35-44,TR	1.6 	1.5 	1.3 	3.1 
2008,LT18P5,T,Y45-54,AT	1.1 	0.7 	1.2 	1.3 
2008,LT18P5,T,Y45-54,BE	1.9 	2 	1.6 	2 
2008,LT18P5,T,Y45-54,BG	1.1 	0.5 	1.5 	0.6 
2008,LT18P5,T,Y45-54,CY	1.3 	0.7 	1.7 	1.2 
2008,LT18P5,T,Y45-54,CZ	1.1 	: 	0.4 	8.4 u
2008,LT18P5,T,Y45-54,DE	1.4 	: c	: c	: c
2008,LT18P5,T,Y45-54,EE	0.9 	2.4 	0.8 	: 
2008,LT18P5,T,Y45-54,EL	0.9 	1.1 	0.8 	0.8 
2008,LT18P5,T,Y45-54,ES	0.6 	0.7 	0.7 	0.5 
2008,LT18P5,T,Y45-54,FR	2.2 	2.6 	1.4 	3.3 
2008,LT18P5,T,Y45-54,HU	1.6 	3.5 	1.4 	0.5 
2008,LT18P5,T,Y45-54,LV	0.7 	1.3 	0.9 	: 
2008,LT18P5,T,Y45-54,MT	0.4 u	: 	0.3 	1.7 
2008,LT18P5,T,Y45-54,PL	1 	0.6 	1.1 	1 
2008,LT18P5,T,Y45-54,RO	0.8 	0.3 	0.9 	0.7 
2008,LT18P5,T,Y45-54,SI	0.4 	0.8 	0.3 	: 
2008,LT18P5,T,Y45-54,SK	1 	2.3 u	0.6 	2.1 
2008,LT18P5,T,Y45-54,TR	0.6 	0.4 	1.6 	1.1 
2008,LT18P5,T,Y55-64,AT	0.9 	0.8 	1.1 	0.6 
2008,LT18P5,T,Y55-64,BE	1 	0.3 	2.3 	0.6 
2008,LT18P5,T,Y55-64,BG	0.5 	: 	0.8 	0.6 
2008,LT18P5,T,Y55-64,CY	0.5 	0.4 	1 	: 
2008,LT18P5,T,Y55-64,DE	: c	: c	: c	: c
2008,LT18P5,T,Y55-64,EE	0.4 	0.7 	0.3 	: 
2008,LT18P5,T,Y55-64,EL	0.3 	0.3 	: 	0.4 
2008,LT18P5,T,Y55-64,ES	0.4 	0.5 	0.4 	0.2 
2008,LT18P5,T,Y55-64,FR	1.1 	1.2 	0.9 	1.3 
2008,LT18P5,T,Y55-64,HU	1.2 	1.9 	1 	1.1 
2008,LT18P5,T,Y55-64,LV	1 	2.4 	0.5 	0.7 
2008,LT18P5,T,Y55-64,MT	1.4 u	0.7 u	2.7 	: 
2008,LT18P5,T,Y55-64,PL	0.9 	1.3 	0.8 	0.9 
2008,LT18P5,T,Y55-64,RO	0.5 	0.5 	0.6 	0.5 
2008,LT18P5,T,Y55-64,SI	0.9 	2.8 	: 	: 
2008,LT18P5,T,Y55-64,SK	0.4 	1.2 	0.2 	0.8 
2008,LT18P5,T,Y55-64,TR	1.3 	1.3 u	1.6 	1.1 
2008,LT18P5,T,Y65-74,AT	0.5 	0.6 	0.6 	0.3 
2008,LT18P5,T,Y65-74,BE	1.3 	1.7 	1.2 	0.3 
2008,LT18P5,T,Y65-74,BG	0.4 	0.5 	0.4 	: 
2008,LT18P5,T,Y65-74,CY	0.4 	: 	1.9 	: 
2008,LT18P5,T,Y65-74,CZ	1.2 	1.2 	1.3 	: 
2008,LT18P5,T,Y65-74,DE	: c	: c	: c	: c
2008,LT18P5,T,Y65-74,EE	1.1 	1.3 	1 	: 
2008,LT18P5,T,Y65-74,EL	0.5 	0.4 	0.5 	1.5 
2008,LT18P5,T,Y65-74,ES	0.5 	0.2 	1.7 	0.8 
2008,LT18P5,T,Y65-74,FR	1.6 	1.4 	2.3 	0.7 
2008,LT18P5,T,Y65-74,HU	1.1 	1.3 	1.3 	: 
2008,LT18P5,T,Y65-74,LV	1 	0.8 	0.7 	2.2 
2008,LT18P5,T,Y65-74,MT	1.1 u	1.1 u	1.5 	: 
2008,LT18P5,T,Y65-74,PL	0.8 	1.1 	0.7 	0.3 
2008,LT18P5,T,Y65-74,RO	0.7 	1.1 	0.3 	: 
2008,LT18P5,T,Y65-74,SK	0.2 	: 	0.3 	: 
2008,LT18P5,T,Y65-74,TR	1.9 u	2 u	2.2 u	: 
2008,LT18P5,T,Y75-84,AT	1.2 	1.3 	0.9 	1.9 
2008,LT18P5,T,Y75-84,BE	2.8 	3.1 	2.7 	1.8 
2008,LT18P5,T,Y75-84,BG	1.3 	1.1 	0.8 	4.3 u
2008,LT18P5,T,Y75-84,CY	1.7 	1.9 	1.7 	: 
2008,LT18P5,T,Y75-84,DE	: c	: c	: c	: c
2008,LT18P5,T,Y75-84,EE	1.5 	2 	0.9 	: 
2008,LT18P5,T,Y75-84,EL	0.6 	0.6 	0.9 	: 
2008,LT18P5,T,Y75-84,ES	1.2 	1.2 	: 	1.6 
2008,LT18P5,T,Y75-84,FR	2.7 	2.3 	4.5 	3.1 
2008,LT18P5,T,Y75-84,HU	2 	2 	: 	7.6 u
2008,LT18P5,T,Y75-84,LV	0.9 	1.6 	: 	: 
2008,LT18P5,T,Y75-84,MT	2.1 u	3 u	: 	: 
2008,LT18P5,T,Y75-84,PL	1.3 	0.9 	2.1 	1.2 
2008,LT18P5,T,Y75-84,RO	1.8 	1.7 	2.7 	1.1 
2008,LT18P5,T,Y75-84,SI	1.1 	1.3 	1.1 u	: 
2008,LT18P5,T,Y75-84,SK	0.3 	: 	0.7 	: 
2008,LT18P5,T,Y75-84,TR	2.9 u	2.8 u	: 	: 
2008,LT18P5,T,Y_GE85,AT	5 	4.1 	2.4 	12.9 u
2008,LT18P5,T,Y_GE85,BE	6.1 	6.1 	5.6 	6.7 
2008,LT18P5,T,Y_GE85,BG	1.4 	: 	: 	: 
2008,LT18P5,T,Y_GE85,CY	7.1 	6 	: 	: 
2008,LT18P5,T,Y_GE85,DE	: c	: c	: c	: c
2008,LT18P5,T,Y_GE85,EE	13.7 u	: 	: 	: 
2008,LT18P5,T,Y_GE85,ES	1.6 u	1.2 u	8.8 u	1.9 u
2008,LT18P5,T,Y_GE85,FR	7.4 	7.1 	13 	0.4 
2008,LT18P5,T,Y_GE85,HU	4.3 	5.1 	: 	: 
2008,LT18P5,T,Y_GE85,LV	1.2 	1.9 u	: 	: 
2008,LT18P5,T,Y_GE85,PL	2.5 	2.5 	3 	: 
2008,LT18P5,T,Y_GE85,RO	1.1 u	1.5 u	: 	: 
2008,LT18P5,T,Y_GE85,SK	1.4 u	2.2 u	: 	: 
2008,LT18P5,T,Y_GE85,TR	8.4 u	9.4 u	: 	: 
